CMAbbreviation,SCC,Status
ACHMADDBFL,2805020000,CURRENT
ACHMADDBFL,2805020001,CURRENT
ACHMADDBFL,2805020002,CURRENT
ACHMADDBFL,2805020003,CURRENT
ACHMADDBFL,2805020004,CURRENT
ACHMADDCHK,2805030000,CURRENT
ACHMADDCHK,2805030001,CURRENT
ACHMADDCHK,2805030002,CURRENT
ACHMADDCHK,2805030003,CURRENT
ACHMADDCHK,2805030004,CURRENT
ACHMADDCHK,2805030007,CURRENT
ACHMADDCHK,2805030008,CURRENT
ACHMADDCHK,2805030009,CURRENT
ACHMADDHOG,2805025000,CURRENT
NLNBSPWHNG,2104006000,CURRENT
NLNBSPWHNG,2104006010,CURRENT
NLNBSPWHNG,2862000000,CURRENT
NLNBSPWHNG,2862002000,CURRENT
NNCABURN00,2801500000,CURRENT
NNCABURN02,2801500000,CURRENT
NNCABURN03,2801500000,CURRENT
NNCABURN05,2801500000,CURRENT
NNCABURN06,2801500000,CURRENT
NNCABURN07,2801500000,CURRENT
NNCABURN08,2801500000,CURRENT
NNCABURN10,2801500000,CURRENT
NNCABURN96,2801500000,CURRENT
NNCABURN99,2801500000,CURRENT
NNCBK00,2302050000,CURRENT
NNCBK02,2302050000,CURRENT
NNCBK03,2302050000,CURRENT
NNCBK05,2302050000,CURRENT
NNCBK06,2302050000,CURRENT
NNCBK07,2302050000,CURRENT
NNCBK08,2302050000,CURRENT
NNCBK10,2302050000,CURRENT
NNCBK96,2302050000,CURRENT
NNCBK99,2302050000,CURRENT
NNCBULK00,2501050120,CURRENT
NNCBULK02,2501050120,CURRENT
NNCBULK03,2501050120,CURRENT
NNCBULK05,2501050120,CURRENT
NNCBULK06,2501050120,CURRENT
NNCBULK07,2501050120,CURRENT
NNCBULK08,2501050120,CURRENT
NNCBULK10,2501050120,CURRENT
NNCBULK96,2501050120,CURRENT
NNCBULK99,2501050120,CURRENT
NNCCMCB00,2103001000,CURRENT
NNCCMCB00,2103002000,CURRENT
NNCCMCB02,2103001000,CURRENT
NNCCMCB02,2103002000,CURRENT
NNCCMCB03,2103001000,CURRENT
NNCCMCB03,2103002000,CURRENT
NNCCMCB05,2103001000,CURRENT
NNCCMCB05,2103002000,CURRENT
NNCCMCB06,2103001000,CURRENT
NNCCMCB06,2103002000,CURRENT
NNCCMCB07,2103001000,CURRENT
NNCCMCB07,2103002000,CURRENT
NNCCMCB08,2103001000,CURRENT
NNCCMCB08,2103002000,CURRENT
NNCCMCB10,2103001000,CURRENT
NNCCMCB10,2103002000,CURRENT
NNCCMCB96,2103001000,CURRENT
NNCCMCB96,2103002000,CURRENT
NNCCMCB99,2103001000,CURRENT
NNCCMCB99,2103002000,CURRENT
NNCCMOIL00,2103004000,CURRENT
NNCCMOIL00,2103005000,CURRENT
NNCCMOIL02,2103004000,CURRENT
NNCCMOIL02,2103005000,CURRENT
NNCCMOIL03,2103004000,CURRENT
NNCCMOIL03,2103005000,CURRENT
NNCCMOIL05,2103004000,CURRENT
NNCCMOIL05,2103005000,CURRENT
NNCCMOIL06,2103004000,CURRENT
NNCCMOIL06,2103005000,CURRENT
NNCCMOIL07,2103004000,CURRENT
NNCCMOIL07,2103005000,CURRENT
NNCCMOIL08,2103004000,CURRENT
NNCCMOIL08,2103005000,CURRENT
NNCCMOIL10,2103004000,CURRENT
NNCCMOIL10,2103005000,CURRENT
NNCCMOIL96,2103004000,CURRENT
NNCCMOIL96,2103005000,CURRENT
NNCCMOIL99,2103004000,CURRENT
NNCCMOIL99,2103005000,CURRENT
NNCCMOT00,2103007000,CURRENT
NNCCMOT00,2103008000,CURRENT
NNCCMOT02,2103007000,CURRENT
NNCCMOT02,2103008000,CURRENT
NNCCMOT03,2103007000,CURRENT
NNCCMOT03,2103008000,CURRENT
NNCCMOT05,2103007000,CURRENT
NNCCMOT05,2103008000,CURRENT
NNCCMOT06,2103007000,CURRENT
NNCCMOT06,2103008000,CURRENT
NNCCMOT07,2103007000,CURRENT
NNCCMOT07,2103008000,CURRENT
NNCCMOT08,2103007000,CURRENT
NNCCMOT08,2103008000,CURRENT
NNCCMOT10,2103007000,CURRENT
NNCCMOT10,2103008000,CURRENT
NNCCMOT96,2103007000,CURRENT
NNCCMOT96,2103008000,CURRENT
NNCCMOT99,2103007000,CURRENT
NNCCMOT99,2103008000,CURRENT
NNCEGU00,2101010000,CURRENT
NNCEGU02,2101010000,CURRENT
NNCEGU03,2101010000,CURRENT
NNCEGU05,2101010000,CURRENT
NNCEGU06,2101010000,CURRENT
NNCEGU07,2101010000,CURRENT
NNCEGU08,2101010000,CURRENT
NNCEGU10,2101010000,CURRENT
NNCEGU96,2101010000,CURRENT
NNCEGU99,2101010000,CURRENT
NNCFD00,2301020000,CURRENT
NNCFD02,2301020000,CURRENT
NNCFD03,2301020000,CURRENT
NNCFD05,2301020000,CURRENT
NNCFD06,2301020000,CURRENT
NNCFD07,2301020000,CURRENT
NNCFD08,2301020000,CURRENT
NNCFD10,2301020000,CURRENT
NNCFD96,2301020000,CURRENT
NNCFD99,2301020000,CURRENT
NNCINCB00,2102007000,CURRENT
NNCINCB00,2102008000,CURRENT
NNCINCB00,2102009000,CURRENT
NNCINCB00,2102010000,CURRENT
NNCINCB02,2102007000,CURRENT
NNCINCB02,2102008000,CURRENT
NNCINCB02,2102009000,CURRENT
NNCINCB02,2102010000,CURRENT
NNCINCB03,2102007000,CURRENT
NNCINCB03,2102008000,CURRENT
NNCINCB03,2102009000,CURRENT
NNCINCB03,2102010000,CURRENT
NNCINCB05,2102007000,CURRENT
NNCINCB05,2102008000,CURRENT
NNCINCB05,2102009000,CURRENT
NNCINCB05,2102010000,CURRENT
NNCINCB06,2102007000,CURRENT
NNCINCB06,2102008000,CURRENT
NNCINCB06,2102009000,CURRENT
NNCINCB06,2102010000,CURRENT
NNCINCB07,2102007000,CURRENT
NNCINCB07,2102008000,CURRENT
NNCINCB07,2102009000,CURRENT
NNCINCB07,2102010000,CURRENT
NNCINCB08,2102007000,CURRENT
NNCINCB08,2102008000,CURRENT
NNCINCB08,2102009000,CURRENT
NNCINCB08,2102010000,CURRENT
NNCINCB10,2102007000,CURRENT
NNCINCB10,2102008000,CURRENT
NNCINCB10,2102009000,CURRENT
NNCINCB10,2102010000,CURRENT
NNCINCB96,2102007000,CURRENT
NNCINCB96,2102008000,CURRENT
NNCINCB96,2102009000,CURRENT
NNCINCB96,2102010000,CURRENT
NNCINCB99,2102007000,CURRENT
NNCINCB99,2102008000,CURRENT
NNCINCB99,2102009000,CURRENT
NNCINCB99,2102010000,CURRENT
NNCINCIN00,2601010000,CURRENT
NNCINCIN00,2601020000,CURRENT
NNCINCIN00,2601030000,INACTIVE
NNCINCIN02,2601010000,CURRENT
NNCINCIN02,2601020000,CURRENT
NNCINCIN02,2601030000,INACTIVE
NNCINCIN03,2601010000,CURRENT
NNCINCIN03,2601020000,CURRENT
NNCINCIN03,2601030000,INACTIVE
NNCINCIN05,2601010000,CURRENT
NNCINCIN05,2601020000,CURRENT
NNCINCIN05,2601030000,INACTIVE
NNCINCIN06,2601010000,CURRENT
NNCINCIN06,2601020000,CURRENT
NNCINCIN06,2601030000,INACTIVE
NNCINCIN07,2601010000,CURRENT
NNCINCIN07,2601020000,CURRENT
NNCINCIN07,2601030000,INACTIVE
NNCINCIN08,2601010000,CURRENT
NNCINCIN08,2601020000,CURRENT
NNCINCIN08,2601030000,INACTIVE
NNCINCIN10,2601010000,CURRENT
NNCINCIN10,2601020000,CURRENT
NNCINCIN10,2601030000,INACTIVE
NNCINCIN96,2601010000,CURRENT
NNCINCIN96,2601020000,CURRENT
NNCINCIN96,2601030000,INACTIVE
NNCINCIN99,2601010000,CURRENT
NNCINCIN99,2601020000,CURRENT
NNCINCIN99,2601030000,INACTIVE
NNCMI00,2305000000,CURRENT
NNCMI00,2307060000,CURRENT
NNCMI00,2325000000,CURRENT
NNCMI00,2399000000,CURRENT
NNCMI02,2305000000,CURRENT
NNCMI02,2307060000,CURRENT
NNCMI02,2325000000,CURRENT
NNCMI02,2399000000,CURRENT
NNCMI03,2305000000,CURRENT
NNCMI03,2307060000,CURRENT
NNCMI03,2325000000,CURRENT
NNCMI03,2399000000,CURRENT
NNCMI05,2305000000,CURRENT
NNCMI05,2307060000,CURRENT
NNCMI05,2325000000,CURRENT
NNCMI05,2399000000,CURRENT
NNCMI06,2305000000,CURRENT
NNCMI06,2307060000,CURRENT
NNCMI06,2325000000,CURRENT
NNCMI06,2399000000,CURRENT
NNCMI07,2305000000,CURRENT
NNCMI07,2307060000,CURRENT
NNCMI07,2325000000,CURRENT
NNCMI07,2399000000,CURRENT
NNCMI08,2305000000,CURRENT
NNCMI08,2307060000,CURRENT
NNCMI08,2325000000,CURRENT
NNCMI08,2399000000,CURRENT
NNCMI10,2305000000,CURRENT
NNCMI10,2307060000,CURRENT
NNCMI10,2325000000,CURRENT
NNCMI10,2399000000,CURRENT
NNCMI96,2305000000,CURRENT
NNCMI96,2307060000,CURRENT
NNCMI96,2325000000,CURRENT
NNCMI96,2399000000,CURRENT
NNCMI99,2305000000,CURRENT
NNCMI99,2307060000,CURRENT
NNCMI99,2325000000,CURRENT
NNCMI99,2399000000,CURRENT
NNCMNI00,2461021000,CURRENT
NNCMNI00,2810030000,CURRENT
NNCMNI02,2461021000,CURRENT
NNCMNI02,2810030000,CURRENT
NNCMNI03,2461021000,CURRENT
NNCMNI03,2810030000,CURRENT
NNCMNI05,2461021000,CURRENT
NNCMNI05,2810030000,CURRENT
NNCMNI06,2461021000,CURRENT
NNCMNI06,2810030000,CURRENT
NNCMNI07,2461021000,CURRENT
NNCMNI07,2810030000,CURRENT
NNCMNI08,2461021000,CURRENT
NNCMNI08,2810030000,CURRENT
NNCMNI10,2461021000,CURRENT
NNCMNI10,2810030000,CURRENT
NNCMNI96,2461021000,CURRENT
NNCMNI96,2810030000,CURRENT
NNCMNI99,2461021000,CURRENT
NNCMNI99,2810030000,CURRENT
NNCMP00,2301030000,CURRENT
NNCMP00,2301040000,CURRENT
NNCMP00,2304000000,CURRENT
NNCMP02,2301030000,CURRENT
NNCMP02,2301040000,CURRENT
NNCMP02,2304000000,CURRENT
NNCMP03,2301030000,CURRENT
NNCMP03,2301040000,CURRENT
NNCMP03,2304000000,CURRENT
NNCMP05,2301030000,CURRENT
NNCMP05,2301040000,CURRENT
NNCMP05,2304000000,CURRENT
NNCMP06,2301030000,CURRENT
NNCMP06,2301040000,CURRENT
NNCMP06,2304000000,CURRENT
NNCMP07,2301030000,CURRENT
NNCMP07,2301040000,CURRENT
NNCMP07,2304000000,CURRENT
NNCMP08,2301030000,CURRENT
NNCMP08,2301040000,CURRENT
NNCMP08,2304000000,CURRENT
NNCMP10,2301030000,CURRENT
NNCMP10,2301040000,CURRENT
NNCMP10,2304000000,CURRENT
NNCMP96,2301030000,CURRENT
NNCMP96,2301040000,CURRENT
NNCMP96,2304000000,CURRENT
NNCMP99,2301030000,CURRENT
NNCMP99,2301040000,CURRENT
NNCMP99,2304000000,CURRENT
NNCOBURN00,2610000000,INACTIVE
NNCOBURN00,2610010000,INACTIVE
NNCOBURN00,2610020000,INACTIVE
NNCOBURN00,2610030000,CURRENT
NNCOBURN02,2610000000,INACTIVE
NNCOBURN02,2610010000,INACTIVE
NNCOBURN02,2610020000,INACTIVE
NNCOBURN02,2610030000,CURRENT
NNCOBURN03,2610000000,INACTIVE
NNCOBURN03,2610010000,INACTIVE
NNCOBURN03,2610020000,INACTIVE
NNCOBURN03,2610030000,CURRENT
NNCOBURN05,2610000000,INACTIVE
NNCOBURN05,2610010000,INACTIVE
NNCOBURN05,2610020000,INACTIVE
NNCOBURN05,2610030000,CURRENT
NNCOBURN06,2610000000,INACTIVE
NNCOBURN06,2610010000,INACTIVE
NNCOBURN06,2610020000,INACTIVE
NNCOBURN06,2610030000,CURRENT
NNCOBURN07,2610000000,INACTIVE
NNCOBURN07,2610010000,INACTIVE
NNCOBURN07,2610020000,INACTIVE
NNCOBURN07,2610030000,CURRENT
NNCOBURN08,2610000000,INACTIVE
NNCOBURN08,2610010000,INACTIVE
NNCOBURN08,2610020000,INACTIVE
NNCOBURN08,2610030000,CURRENT
NNCOBURN10,2610000000,INACTIVE
NNCOBURN10,2610010000,INACTIVE
NNCOBURN10,2610020000,INACTIVE
NNCOBURN10,2610030000,CURRENT
NNCOBURN96,2610000000,INACTIVE
NNCOBURN96,2610010000,INACTIVE
NNCOBURN96,2610020000,INACTIVE
NNCOBURN96,2610030000,CURRENT
NNCOBURN99,2610000000,INACTIVE
NNCOBURN99,2610010000,INACTIVE
NNCOBURN99,2610020000,INACTIVE
NNCOBURN99,2610030000,CURRENT
NNCOGP00,2310000000,CURRENT
NNCOGP00,2310010000,CURRENT
NNCOGP02,2310000000,CURRENT
NNCOGP02,2310010000,CURRENT
NNCOGP03,2310000000,CURRENT
NNCOGP03,2310010000,CURRENT
NNCOGP05,2310000000,CURRENT
NNCOGP05,2310010000,CURRENT
NNCOGP06,2310000000,CURRENT
NNCOGP06,2310010000,CURRENT
NNCOGP07,2310000000,CURRENT
NNCOGP07,2310010000,CURRENT
NNCOGP08,2310000000,CURRENT
NNCOGP08,2310010000,CURRENT
NNCOGP10,2310000000,CURRENT
NNCOGP10,2310010000,CURRENT
NNCOGP96,2310000000,CURRENT
NNCOGP96,2310010000,CURRENT
NNCOGP99,2310000000,CURRENT
NNCOGP99,2310010000,CURRENT
NNCPET00,2306000000,CURRENT
NNCPET02,2306000000,CURRENT
NNCPET03,2306000000,CURRENT
NNCPET05,2306000000,CURRENT
NNCPET06,2306000000,CURRENT
NNCPET07,2306000000,CURRENT
NNCPET08,2306000000,CURRENT
NNCPET10,2306000000,CURRENT
NNCPET96,2306000000,CURRENT
NNCPET99,2306000000,CURRENT
NNCPOTW00,2630000000,CURRENT
NNCPOTW00,2630020000,CURRENT
NNCPOTW02,2630000000,CURRENT
NNCPOTW02,2630020000,CURRENT
NNCPOTW03,2630000000,CURRENT
NNCPOTW03,2630020000,CURRENT
NNCPOTW05,2630000000,CURRENT
NNCPOTW05,2630020000,CURRENT
NNCPOTW06,2630000000,CURRENT
NNCPOTW06,2630020000,CURRENT
NNCPOTW07,2630000000,CURRENT
NNCPOTW07,2630020000,CURRENT
NNCPOTW08,2630000000,CURRENT
NNCPOTW08,2630020000,CURRENT
NNCPOTW10,2630000000,CURRENT
NNCPOTW10,2630020000,CURRENT
NNCPOTW96,2630000000,CURRENT
NNCPOTW96,2630020000,CURRENT
NNCPOTW99,2630000000,CURRENT
NNCPOTW99,2630020000,CURRENT
NNCRSOT00,2104001000,CURRENT
NNCRSOT00,2104002000,CURRENT
NNCRSOT00,2104004000,CURRENT
NNCRSOT00,2104005000,CURRENT
NNCRSOT02,2104001000,CURRENT
NNCRSOT02,2104002000,CURRENT
NNCRSOT02,2104004000,CURRENT
NNCRSOT02,2104005000,CURRENT
NNCRSOT03,2104001000,CURRENT
NNCRSOT03,2104002000,CURRENT
NNCRSOT03,2104004000,CURRENT
NNCRSOT03,2104005000,CURRENT
NNCRSOT05,2104001000,CURRENT
NNCRSOT05,2104002000,CURRENT
NNCRSOT05,2104004000,CURRENT
NNCRSOT05,2104005000,CURRENT
NNCRSOT06,2104001000,CURRENT
NNCRSOT06,2104002000,CURRENT
NNCRSOT06,2104004000,CURRENT
NNCRSOT06,2104005000,CURRENT
NNCRSOT07,2104001000,CURRENT
NNCRSOT07,2104002000,CURRENT
NNCRSOT07,2104004000,CURRENT
NNCRSOT07,2104005000,CURRENT
NNCRSOT08,2104001000,CURRENT
NNCRSOT08,2104002000,CURRENT
NNCRSOT08,2104004000,CURRENT
NNCRSOT08,2104005000,CURRENT
NNCRSOT10,2104001000,CURRENT
NNCRSOT10,2104002000,CURRENT
NNCRSOT10,2104004000,CURRENT
NNCRSOT10,2104005000,CURRENT
NNCRSOT96,2104001000,CURRENT
NNCRSOT96,2104002000,CURRENT
NNCRSOT96,2104004000,CURRENT
NNCRSOT96,2104005000,CURRENT
NNCRSOT99,2104001000,CURRENT
NNCRSOT99,2104002000,CURRENT
NNCRSOT99,2104004000,CURRENT
NNCRSOT99,2104005000,CURRENT
NNCRSWD00,2104007000,CURRENT
NNCRSWD00,2104008000,CURRENT
NNCRSWD00,2104008001,CURRENT
NNCRSWD00,2104008030,CURRENT
NNCRSWD00,2104008050,CURRENT
NNCRSWD00,2104008051,CURRENT
NNCRSWD02,2104007000,CURRENT
NNCRSWD02,2104008000,CURRENT
NNCRSWD02,2104008001,CURRENT
NNCRSWD02,2104008030,CURRENT
NNCRSWD02,2104008050,CURRENT
NNCRSWD02,2104008051,CURRENT
NNCRSWD03,2104007000,CURRENT
NNCRSWD03,2104008000,CURRENT
NNCRSWD03,2104008001,CURRENT
NNCRSWD03,2104008030,CURRENT
NNCRSWD03,2104008050,CURRENT
NNCRSWD03,2104008051,CURRENT
NNCRSWD05,2104007000,CURRENT
NNCRSWD05,2104008000,CURRENT
NNCRSWD05,2104008001,CURRENT
NNCRSWD05,2104008030,CURRENT
NNCRSWD05,2104008050,CURRENT
NNCRSWD05,2104008051,CURRENT
NNCRSWD06,2104007000,CURRENT
NNCRSWD06,2104008000,CURRENT
NNCRSWD06,2104008001,CURRENT
NNCRSWD06,2104008030,CURRENT
NNCRSWD06,2104008050,CURRENT
NNCRSWD06,2104008051,CURRENT
NNCRSWD07,2104007000,CURRENT
NNCRSWD07,2104008000,CURRENT
NNCRSWD07,2104008001,CURRENT
NNCRSWD07,2104008030,CURRENT
NNCRSWD07,2104008050,CURRENT
NNCRSWD07,2104008051,CURRENT
NNCRSWD08,2104007000,CURRENT
NNCRSWD08,2104008000,CURRENT
NNCRSWD08,2104008001,CURRENT
NNCRSWD08,2104008030,CURRENT
NNCRSWD08,2104008050,CURRENT
NNCRSWD08,2104008051,CURRENT
NNCRSWD10,2104007000,CURRENT
NNCRSWD10,2104008000,CURRENT
NNCRSWD10,2104008001,CURRENT
NNCRSWD10,2104008030,CURRENT
NNCRSWD10,2104008050,CURRENT
NNCRSWD10,2104008051,CURRENT
NNCRSWD96,2104007000,CURRENT
NNCRSWD96,2104008000,CURRENT
NNCRSWD96,2104008001,CURRENT
NNCRSWD96,2104008030,CURRENT
NNCRSWD96,2104008050,CURRENT
NNCRSWD96,2104008051,CURRENT
NNCRSWD99,2104007000,CURRENT
NNCRSWD99,2104008000,CURRENT
NNCRSWD99,2104008001,CURRENT
NNCRSWD99,2104008030,CURRENT
NNCRSWD99,2104008050,CURRENT
NNCRSWD99,2104008051,CURRENT
NNCSTG100,2501060050,CURRENT
NNCSTG102,2501060050,CURRENT
NNCSTG103,2501060050,CURRENT
NNCSTG105,2501060050,CURRENT
NNCSTG106,2501060050,CURRENT
NNCSTG107,2501060050,CURRENT
NNCSTG108,2501060050,CURRENT
NNCSTG110,2501060050,CURRENT
NNCSTG196,2501060050,CURRENT
NNCSTG199,2501060050,CURRENT
NNCSTG200,2501060100,CURRENT
NNCSTG202,2501060100,CURRENT
NNCSTG203,2501060100,CURRENT
NNCSTG205,2501060100,CURRENT
NNCSTG206,2501060100,CURRENT
NNCSTG207,2501060100,CURRENT
NNCSTG208,2501060100,CURRENT
NNCSTG210,2501060100,CURRENT
NNCSTG296,2501060100,CURRENT
NNCSTG299,2501060100,CURRENT
NNCTLOIL00,2199004000,CURRENT
NNCTLOIL00,2810001000,CURRENT
NNCTLOIL02,2199004000,CURRENT
NNCTLOIL02,2810001000,CURRENT
NNCTLOIL03,2199004000,CURRENT
NNCTLOIL03,2810001000,CURRENT
NNCTLOIL05,2199004000,CURRENT
NNCTLOIL05,2810001000,CURRENT
NNCTLOIL06,2199004000,CURRENT
NNCTLOIL06,2810001000,CURRENT
NNCTLOIL07,2199004000,CURRENT
NNCTLOIL07,2810001000,CURRENT
NNCTLOIL08,2199004000,CURRENT
NNCTLOIL08,2810001000,CURRENT
NNCTLOIL10,2199004000,CURRENT
NNCTLOIL10,2810001000,CURRENT
NNCTLOIL96,2199004000,CURRENT
NNCTLOIL96,2810001000,CURRENT
NNCTLOIL99,2199004000,CURRENT
NNCTLOIL99,2810001000,CURRENT
NNCTLOT00,2199011000,CURRENT
NNCTLOT00,2810015000,CURRENT
NNCTLOT02,2199011000,CURRENT
NNCTLOT02,2810015000,CURRENT
NNCTLOT03,2199011000,CURRENT
NNCTLOT03,2810015000,CURRENT
NNCTLOT05,2199011000,CURRENT
NNCTLOT05,2810015000,CURRENT
NNCTLOT06,2199011000,CURRENT
NNCTLOT06,2810015000,CURRENT
NNCTLOT07,2199011000,CURRENT
NNCTLOT07,2810015000,CURRENT
NNCTLOT08,2199011000,CURRENT
NNCTLOT08,2810015000,CURRENT
NNCTLOT10,2199011000,CURRENT
NNCTLOT10,2810015000,CURRENT
NNCTLOT96,2199011000,CURRENT
NNCTLOT96,2810015000,CURRENT
NNCTLOT99,2199011000,CURRENT
NNCTLOT99,2810015000,CURRENT
NNCTSDF00,2640000000,CURRENT
NNCTSDF02,2640000000,CURRENT
NNCTSDF03,2640000000,CURRENT
NNCTSDF05,2640000000,CURRENT
NNCTSDF06,2640000000,CURRENT
NNCTSDF07,2640000000,CURRENT
NNCTSDF08,2640000000,CURRENT
NNCTSDF10,2640000000,CURRENT
NNCTSDF96,2640000000,CURRENT
NNCTSDF99,2640000000,CURRENT
NNCUTANK00,2501060201,CURRENT
NNCUTANK02,2501060201,CURRENT
NNCUTANK03,2501060201,CURRENT
NNCUTANK05,2501060201,CURRENT
NNCUTANK06,2501060201,CURRENT
NNCUTANK07,2501060201,CURRENT
NNCUTANK08,2501060201,CURRENT
NNCUTANK10,2501060201,CURRENT
NNCUTANK96,2501060201,CURRENT
NNCUTANK99,2501060201,CURRENT
NR50COL00,2102001000,CURRENT
NR50COL00,2102002000,CURRENT
NR50COL02,2102001000,CURRENT
NR50COL02,2102002000,CURRENT
NR50COL03,2102001000,CURRENT
NR50COL03,2102002000,CURRENT
NR50COL05,2102001000,CURRENT
NR50COL05,2102002000,CURRENT
NR50COL06,2102001000,CURRENT
NR50COL06,2102002000,CURRENT
NR50COL07,2102001000,CURRENT
NR50COL07,2102002000,CURRENT
NR50COL08,2102001000,CURRENT
NR50COL08,2102002000,CURRENT
NR50COL10,2102001000,CURRENT
NR50COL10,2102002000,CURRENT
NR50COL96,2102001000,CURRENT
NR50COL96,2102002000,CURRENT
NR50COL99,2102001000,CURRENT
NR50COL99,2102002000,CURRENT
NR50NGC00,2102006000,CURRENT
NR50NGC00,2102006002,CURRENT
NR50NGC02,2102006000,CURRENT
NR50NGC02,2102006002,CURRENT
NR50NGC03,2102006000,CURRENT
NR50NGC03,2102006002,CURRENT
NR50NGC05,2102006000,CURRENT
NR50NGC05,2102006002,CURRENT
NR50NGC06,2102006000,CURRENT
NR50NGC06,2102006002,CURRENT
NR50NGC07,2102006000,CURRENT
NR50NGC07,2102006002,CURRENT
NR50NGC08,2102006000,CURRENT
NR50NGC08,2102006002,CURRENT
NR50NGC10,2102006000,CURRENT
NR50NGC10,2102006002,CURRENT
NR50NGC96,2102006000,CURRENT
NR50NGC96,2102006002,CURRENT
NR50NGC99,2102006000,CURRENT
NR50NGC99,2102006002,CURRENT
NR50OIL00,2102004000,CURRENT
NR50OIL00,2102005000,CURRENT
NR50OIL02,2102004000,CURRENT
NR50OIL02,2102005000,CURRENT
NR50OIL03,2102004000,CURRENT
NR50OIL03,2102005000,CURRENT
NR50OIL05,2102004000,CURRENT
NR50OIL05,2102005000,CURRENT
NR50OIL06,2102004000,CURRENT
NR50OIL06,2102005000,CURRENT
NR50OIL07,2102004000,CURRENT
NR50OIL07,2102005000,CURRENT
NR50OIL08,2102004000,CURRENT
NR50OIL08,2102005000,CURRENT
NR50OIL10,2102004000,CURRENT
NR50OIL10,2102005000,CURRENT
NR50OIL96,2102004000,CURRENT
NR50OIL96,2102005000,CURRENT
NR50OIL99,2102004000,CURRENT
NR50OIL99,2102005000,CURRENT
NSCRICGS,2101006000,CURRENT
NSCRICGS,2101006002,CURRENT
NSCRICGS,2102006000,CURRENT
NSCRICGS,2102006002,CURRENT
NSCRICGS,2103006000,CURRENT
NSCRICGS,2199006000,CURRENT
NSCRICGS,2199006002,CURRENT
NSCRLOCO00,2285002000,INACTIVE
NSCRLOCO02,2285002000,INACTIVE
NSCRLOCO03,2285002000,INACTIVE
NSCRLOCO05,2285002000,INACTIVE
NSCRLOCO06,2285002000,INACTIVE
NSCRLOCO07,2285002000,INACTIVE
NSCRLOCO08,2285002000,INACTIVE
NSCRLOCO10,2285002000,INACTIVE
NSCRLOCO96,2285002000,INACTIVE
NSCRLOCO99,2285002000,INACTIVE
NWLCMNGC00,2103006000,CURRENT
NWLCMNGC02,2103006000,CURRENT
NWLCMNGC03,2103006000,CURRENT
NWLCMNGC05,2103006000,CURRENT
NWLCMNGC06,2103006000,CURRENT
NWLCMNGC07,2103006000,CURRENT
NWLCMNGC08,2103006000,CURRENT
NWLCMNGC10,2103006000,CURRENT
NWLCMNGC96,2103006000,CURRENT
NWLCMNGC99,2103006000,CURRENT
NWLRSNGC00,2104006000,CURRENT
NWLRSNGC02,2104006000,CURRENT
NWLRSNGC03,2104006000,CURRENT
NWLRSNGC05,2104006000,CURRENT
NWLRSNGC06,2104006000,CURRENT
NWLRSNGC07,2104006000,CURRENT
NWLRSNGC08,2104006000,CURRENT
NWLRSNGC10,2104006000,CURRENT
NWLRSNGC96,2104006000,CURRENT
NWLRSNGC99,2104006000,CURRENT
PAGBU,2801500000,CURRENT
PAGBU,2801500100,CURRENT
PAGBU,2801500111,CURRENT
PAGBU,2801500112,CURRENT
PAGBU,2801500120,CURRENT
PAGBU,2801500130,CURRENT
PAGBU,2801500141,CURRENT
PAGBU,2801500142,CURRENT
PAGBU,2801500150,CURRENT
PAGBU,2801500160,CURRENT
PAGBU,2801500170,CURRENT
PAGBU,2801500181,CURRENT
PAGBU,2801500182,CURRENT
PAGBU,2801500191,CURRENT
PAGBU,2801500192,CURRENT
PAGBU,2801500201,CURRENT
PAGBU,2801500202,CURRENT
PAGBU,2801500210,CURRENT
PAGBU,2801500220,CURRENT
PAGBU,2801500230,CURRENT
PAGBU,2801500240,CURRENT
PAGBU,2801500250,CURRENT
PAGBU,2801500261,CURRENT
PAGBU,2801500262,CURRENT
PAGBU,2801500300,CURRENT
PAGBU,2801500310,CURRENT
PAGBU,2801500320,CURRENT
PAGBU,2801500330,CURRENT
PAGBU,2801500340,CURRENT
PAGBU,2801500350,CURRENT
PAGBU,2801500360,CURRENT
PAGBU,2801500370,CURRENT
PAGBU,2801500380,CURRENT
PAGBU,2801500390,CURRENT
PAGBU,2801500400,CURRENT
PAGBU,2801500410,CURRENT
PAGBU,2801500420,CURRENT
PAGBU,2801500430,CURRENT
PAGBU,2801500440,CURRENT
PAGBU,2801500450,CURRENT
PAGBU,2801500500,CURRENT
PAGBU,2801500600,CURRENT
PAGBU,2801500610,CURRENT
PAGBU,2801500620,CURRENT
PAGBU,2801501000,CURRENT
PAGBU,2801501105,CURRENT
PAGBU,2801501130,CURRENT
PAGBU,2801501170,CURRENT
PAGBU,2801501260,CURRENT
PAGBU,2801501270,CURRENT
PAGBU,2801502000,CURRENT
PAGBU,2801502105,CURRENT
PAGBU,2801502130,CURRENT
PAGBU,2801502170,CURRENT
PAGBU,2801502260,CURRENT
PAGBU,2801502270,CURRENT
PAGTL,2801000003,CURRENT
PCATFWAT,2805001000,CURRENT
PCHRBCAOX1,2302002000,CURRENT
PCHRBCAOX2,2302002100,CURRENT
PCHRBCAOX2,2302002200,CURRENT
PCHRBESP,2302002000,CURRENT
PCHRBESP,2302002100,CURRENT
PCHRBESP,2302002200,CURRENT
PCHRBESPSM,2302002000,CURRENT
PCHRBESPSM,2302002100,CURRENT
PCHRBESPSM,2302002200,CURRENT
PCONWATCHM,2311000000,CURRENT
PCONWATCHM,2311000010,CURRENT
PCONWATCHM,2311000020,CURRENT
PCONWATCHM,2311000030,CURRENT
PCONWATCHM,2311000040,CURRENT
PCONWATCHM,2311000050,CURRENT
PCONWATCHM,2311000060,CURRENT
PCONWATCHM,2311000070,CURRENT
PCONWATCHM,2311000080,CURRENT
PCONWATCHM,2311000100,CURRENT
PCONWATCHM,2311010000,CURRENT
PCONWATCHM,2311010010,INACTIVE
PCONWATCHM,2311010020,INACTIVE
PCONWATCHM,2311010030,INACTIVE
PCONWATCHM,2311010040,INACTIVE
PCONWATCHM,2311010050,INACTIVE
PCONWATCHM,2311010060,INACTIVE
PCONWATCHM,2311010070,CURRENT
PCONWATCHM,2311010080,INACTIVE
PCONWATCHM,2311010100,INACTIVE
PCONWATCHM,2311020000,CURRENT
PCONWATCHM,2311020010,INACTIVE
PCONWATCHM,2311020020,INACTIVE
PCONWATCHM,2311020030,INACTIVE
PCONWATCHM,2311020040,INACTIVE
PCONWATCHM,2311020050,INACTIVE
PCONWATCHM,2311020060,INACTIVE
PCONWATCHM,2311020070,INACTIVE
PCONWATCHM,2311020080,INACTIVE
PCONWATCHM,2311020100,INACTIVE
PCONWATCHM,2311030000,CURRENT
PCONWATCHM,2311030010,INACTIVE
PCONWATCHM,2311030020,INACTIVE
PCONWATCHM,2311030030,INACTIVE
PCONWATCHM,2311030040,INACTIVE
PCONWATCHM,2311030050,INACTIVE
PCONWATCHM,2311030060,INACTIVE
PCONWATCHM,2311030070,INACTIVE
PCONWATCHM,2311030080,INACTIVE
PCONWATCHM,2311030100,INACTIVE
PCONWATCHM,2311040000,CURRENT
PCONWATCHM,2311040080,INACTIVE
PCONWATCHM,2311040100,INACTIVE
PHDDRETRO,2270000000,CURRENT
PHDDRETRO,2270001000,CURRENT
PHDDRETRO,2270001010,CURRENT
PHDDRETRO,2270001020,CURRENT
PHDDRETRO,2270001030,CURRENT
PHDDRETRO,2270001040,CURRENT
PHDDRETRO,2270001050,CURRENT
PHDDRETRO,2270001060,CURRENT
PHDDRETRO,2270002000,CURRENT
PHDDRETRO,2270002003,CURRENT
PHDDRETRO,2270002006,CURRENT
PHDDRETRO,2270002009,CURRENT
PHDDRETRO,2270002012,CURRENT
PHDDRETRO,2270002015,CURRENT
PHDDRETRO,2270002018,CURRENT
PHDDRETRO,2270002021,CURRENT
PHDDRETRO,2270002024,CURRENT
PHDDRETRO,2270002027,CURRENT
PHDDRETRO,2270002030,CURRENT
PHDDRETRO,2270002033,CURRENT
PHDDRETRO,2270002036,CURRENT
PHDDRETRO,2270002039,CURRENT
PHDDRETRO,2270002042,CURRENT
PHDDRETRO,2270002045,CURRENT
PHDDRETRO,2270002048,CURRENT
PHDDRETRO,2270002051,CURRENT
PHDDRETRO,2270002054,CURRENT
PHDDRETRO,2270002057,CURRENT
PHDDRETRO,2270002060,CURRENT
PHDDRETRO,2270002063,CURRENT
PHDDRETRO,2270002066,CURRENT
PHDDRETRO,2270002069,CURRENT
PHDDRETRO,2270002072,CURRENT
PHDDRETRO,2270002075,CURRENT
PHDDRETRO,2270002078,CURRENT
PHDDRETRO,2270002081,CURRENT
PHDDRETRO,2270003000,CURRENT
PHDDRETRO,2270003010,CURRENT
PHDDRETRO,2270003020,CURRENT
PHDDRETRO,2270003030,CURRENT
PHDDRETRO,2270003040,CURRENT
PHDDRETRO,2270003050,CURRENT
PHDDRETRO,2270003060,CURRENT
PHDDRETRO,2270003070,CURRENT
PHDDRETRO,2270004000,CURRENT
PHDDRETRO,2270004010,CURRENT
PHDDRETRO,2270004011,CURRENT
PHDDRETRO,2270004015,CURRENT
PHDDRETRO,2270004016,CURRENT
PHDDRETRO,2270004020,CURRENT
PHDDRETRO,2270004021,CURRENT
PHDDRETRO,2270004025,CURRENT
PHDDRETRO,2270004026,CURRENT
PHDDRETRO,2270004030,CURRENT
PHDDRETRO,2270004031,CURRENT
PHDDRETRO,2270004035,CURRENT
PHDDRETRO,2270004036,CURRENT
PHDDRETRO,2270004040,CURRENT
PHDDRETRO,2270004041,CURRENT
PHDDRETRO,2270004045,CURRENT
PHDDRETRO,2270004046,CURRENT
PHDDRETRO,2270004050,CURRENT
PHDDRETRO,2270004051,CURRENT
PHDDRETRO,2270004055,CURRENT
PHDDRETRO,2270004056,CURRENT
PHDDRETRO,2270004060,CURRENT
PHDDRETRO,2270004061,CURRENT
PHDDRETRO,2270004065,CURRENT
PHDDRETRO,2270004066,CURRENT
PHDDRETRO,2270004070,CURRENT
PHDDRETRO,2270004071,CURRENT
PHDDRETRO,2270004075,CURRENT
PHDDRETRO,2270004076,CURRENT
PHDDRETRO,2270005000,CURRENT
PHDDRETRO,2270005010,CURRENT
PHDDRETRO,2270005015,CURRENT
PHDDRETRO,2270005020,CURRENT
PHDDRETRO,2270005025,CURRENT
PHDDRETRO,2270005030,CURRENT
PHDDRETRO,2270005035,CURRENT
PHDDRETRO,2270005040,CURRENT
PHDDRETRO,2270005045,CURRENT
PHDDRETRO,2270005050,INACTIVE
PHDDRETRO,2270005055,CURRENT
PHDDRETRO,2270005060,CURRENT
PHDDRETRO,2270006000,CURRENT
PHDDRETRO,2270006005,CURRENT
PHDDRETRO,2270006010,CURRENT
PHDDRETRO,2270006015,CURRENT
PHDDRETRO,2270006020,CURRENT
PHDDRETRO,2270006025,CURRENT
PHDDRETRO,2270006030,CURRENT
PHDDRETRO,2270007000,CURRENT
PHDDRETRO,2270007005,CURRENT
PHDDRETRO,2270007010,CURRENT
PHDDRETRO,2270007015,CURRENT
PHDDRETRO,2270007020,CURRENT
PHDDRETRO,2270008000,CURRENT
PHDDRETRO,2270008005,CURRENT
PHDDRETRO,2270008010,CURRENT
PHDDRETRO,2270009000,CURRENT
PHDDRETRO,2270009010,CURRENT
PHDDRETRO,2270010000,CURRENT
PHDDRETRO,2270010010,CURRENT
PLNDFILBRN,2801500000,CURRENT
PLNDFILBRN,2801500100,CURRENT
PLNDFILBRN,2801500111,CURRENT
PLNDFILBRN,2801500112,CURRENT
PLNDFILBRN,2801500120,CURRENT
PLNDFILBRN,2801500130,CURRENT
PLNDFILBRN,2801500141,CURRENT
PLNDFILBRN,2801500142,CURRENT
PLNDFILBRN,2801500150,CURRENT
PLNDFILBRN,2801500160,CURRENT
PLNDFILBRN,2801500170,CURRENT
PLNDFILBRN,2801500181,CURRENT
PLNDFILBRN,2801500182,CURRENT
PLNDFILBRN,2801500191,CURRENT
PLNDFILBRN,2801500192,CURRENT
PLNDFILBRN,2801500201,CURRENT
PLNDFILBRN,2801500202,CURRENT
PLNDFILBRN,2801500210,CURRENT
PLNDFILBRN,2801500220,CURRENT
PLNDFILBRN,2801500230,CURRENT
PLNDFILBRN,2801500240,CURRENT
PLNDFILBRN,2801500250,CURRENT
PLNDFILBRN,2801500261,CURRENT
PLNDFILBRN,2801500262,CURRENT
PLNDFILBRN,2801500300,CURRENT
PLNDFILBRN,2801500310,CURRENT
PLNDFILBRN,2801500320,CURRENT
PLNDFILBRN,2801500330,CURRENT
PLNDFILBRN,2801500340,CURRENT
PLNDFILBRN,2801500350,CURRENT
PLNDFILBRN,2801500360,CURRENT
PLNDFILBRN,2801500370,CURRENT
PLNDFILBRN,2801500380,CURRENT
PLNDFILBRN,2801500390,CURRENT
PLNDFILBRN,2801500400,CURRENT
PLNDFILBRN,2801500410,CURRENT
PLNDFILBRN,2801500420,CURRENT
PLNDFILBRN,2801500430,CURRENT
PLNDFILBRN,2801500440,CURRENT
PLNDFILBRN,2801500450,CURRENT
PLNDFILBRN,2801500500,CURRENT
PPRBRNFULM,2810015000,CURRENT
PPVAC110,2294000110,INACTIVE
PPVAC130,2294000130,INACTIVE
PPVAC150,2294000150,INACTIVE
PPVAC170,2294000170,INACTIVE
PPVAC190,2294000190,INACTIVE
PPVAC210,2294000210,INACTIVE
PPVAC230,2294000230,INACTIVE
PPVAC250,2294000250,INACTIVE
PPVAC270,2294000270,INACTIVE
PPVAC290,2294000290,INACTIVE
PPVAC310,2294000310,INACTIVE
PPVAC330,2294000330,INACTIVE
PRESWDEDAD,2104008001,CURRENT
PRESWDEDAD,2104008030,CURRENT
PRESWDEDAD,2104008050,CURRENT
PRESWDEDAD,2104008051,CURRENT
PRESWDSTV1,2104008010,CURRENT
PRESWDSTV1,2104008050,CURRENT
PRESWDSTV2,2104008051,CURRENT
PUCHS150,2296000150,INACTIVE
PUCHS170,2296000170,INACTIVE
PUCHS190,2296000190,INACTIVE
PUCHS210,2296000210,INACTIVE
PUHAP270,2296000270,INACTIVE
PUHAP290,2296000290,INACTIVE
PUHAP310,2296000310,INACTIVE
PUHAP330,2296000330,INACTIVE
SCHMADDHOM,2104004000,CURRENT
SLSFRESHET,2104004000,CURRENT
SLSFRESHET,2104005000,CURRENT
VAIRCMACT,2401075000,CURRENT
VAIRCOTC,2401075000,CURRENT
VARCTAIMFR,2401001000,CURRENT
VARCTAIMFR,2401001999,INACTIVE
VARCTAIMOT,2401001000,CURRENT
VARCTAIMOT,2401001999,INACTIVE
VARCTSCPH1,2401001000,CURRENT
VARCTSCPH1,2401001999,INACTIVE
VARCTSCPH2,2401001000,CURRENT
VARCTSCPH2,2401001999,INACTIVE
VARCTSCPH3,2401001000,CURRENT
VARCTSCPH3,2401001999,INACTIVE
VARPTTIER2,2460510000,CURRENT
VASPHREFRM,2461021000,CURRENT
VATRFBARCT,2401005000,CURRENT
VATRFFR1,2401005000,CURRENT
VATRFFR2,2401005000,CURRENT
VATRFOTC,2401005000,CURRENT
VBAKEINC,2302050000,CURRENT
VCLDMACT,2415300000,CURRENT
VCLDMACT,2415305000,CURRENT
VCLDMACT,2415310000,CURRENT
VCLDMACT,2415320000,CURRENT
VCLDMACT,2415325000,CURRENT
VCLDMACT,2415330000,CURRENT
VCLDMACT,2415335000,CURRENT
VCLDMACT,2415340000,CURRENT
VCLDMACT,2415345000,CURRENT
VCLDMACT,2415355000,CURRENT
VCLDMACT,2415360000,CURRENT
VCLDMACT,2415365000,CURRENT
VCLDOTC,2415300000,CURRENT
VCLDOTC,2415305000,CURRENT
VCLDOTC,2415310000,CURRENT
VCLDOTC,2415320000,CURRENT
VCLDOTC,2415325000,CURRENT
VCLDOTC,2415330000,CURRENT
VCLDOTC,2415335000,CURRENT
VCLDOTC,2415340000,CURRENT
VCLDOTC,2415345000,CURRENT
VCLDOTC,2415355000,CURRENT
VCLDOTC,2415360000,CURRENT
VCLDOTC,2415365000,CURRENT
VCLDS1122A,2415300000,CURRENT
VCLDS1122A,2415305000,CURRENT
VCLDS1122A,2415310000,CURRENT
VCLDS1122A,2415320000,CURRENT
VCLDS1122A,2415325000,CURRENT
VCLDS1122A,2415330000,CURRENT
VCLDS1122A,2415335000,CURRENT
VCLDS1122A,2415340000,CURRENT
VCLDS1122A,2415345000,CURRENT
VCLDS1122A,2415355000,CURRENT
VCLDS1122A,2415360000,CURRENT
VCLDS1122A,2415365000,CURRENT
VCLDS1122B,2415300000,CURRENT
VCLDS1122B,2415305000,CURRENT
VCLDS1122B,2415310000,CURRENT
VCLDS1122B,2415320000,CURRENT
VCLDS1122B,2415325000,CURRENT
VCLDS1122B,2415330000,CURRENT
VCLDS1122B,2415335000,CURRENT
VCLDS1122B,2415340000,CURRENT
VCLDS1122B,2415345000,CURRENT
VCLDS1122B,2415355000,CURRENT
VCLDS1122B,2415360000,CURRENT
VCLDS1122B,2415365000,CURRENT
VCSADARB1,2465600000,CURRENT
VCSADARB2,2465600000,CURRENT
VCSADFR,2465600000,CURRENT
VCSADOTC,2465600000,CURRENT
VCSOLVARB1,2465000000,CURRENT
VCSOLVARB1,2465100000,CURRENT
VCSOLVARB1,2465200000,CURRENT
VCSOLVARB1,2465400000,CURRENT
VCSOLVARB2,2465000000,CURRENT
VCSOLVARB2,2465100000,CURRENT
VCSOLVARB2,2465200000,CURRENT
VCSOLVARB2,2465400000,CURRENT
VCSOLVFR,2465000000,CURRENT
VCSOLVFR,2465100000,CURRENT
VCSOLVFR,2465200000,CURRENT
VCSOLVFR,2465400000,CURRENT
VCSOLVOTC,2465000000,CURRENT
VCSOLVOTC,2465100000,CURRENT
VCSOLVOTC,2465200000,CURRENT
VCSOLVOTC,2465400000,CURRENT
VDCPERMACT,2420010055,CURRENT
VDEGMACT,2415100000,CURRENT
VDEGMACT,2415105000,CURRENT
VDEGMACT,2415110000,CURRENT
VDEGMACT,2415120000,CURRENT
VDEGMACT,2415125000,CURRENT
VDEGMACT,2415130000,CURRENT
VDEGMACT,2415135000,CURRENT
VDEGMACT,2415140000,CURRENT
VDEGMACT,2415145000,CURRENT
VDEGS1122A,2415100000,CURRENT
VDEGS1122A,2415105000,CURRENT
VDEGS1122A,2415110000,CURRENT
VDEGS1122A,2415120000,CURRENT
VDEGS1122A,2415125000,CURRENT
VDEGS1122A,2415130000,CURRENT
VDEGS1122A,2415135000,CURRENT
VDEGS1122A,2415140000,CURRENT
VDEGS1122A,2415145000,CURRENT
VDEGS1122B,2415100000,CURRENT
VDEGS1122B,2415105000,CURRENT
VDEGS1122B,2415110000,CURRENT
VDEGS1122B,2415120000,CURRENT
VDEGS1122B,2415125000,CURRENT
VDEGS1122B,2415130000,CURRENT
VDEGS1122B,2415135000,CURRENT
VDEGS1122B,2415140000,CURRENT
VDEGS1122B,2415145000,CURRENT
VDEOXCAT67,2230073110,CURRENT
VDEOXCAT67,223007311X,CURRENT
VDEOXCAT67,2230073130,CURRENT
VDEOXCAT67,223007313X,CURRENT
VDEOXCAT67,2230073150,CURRENT
VDEOXCAT67,223007315X,CURRENT
VDEOXCAT67,2230073170,CURRENT
VDEOXCAT67,223007317X,CURRENT
VDEOXCAT67,2230073190,CURRENT
VDEOXCAT67,223007319X,CURRENT
VDEOXCAT67,2230073210,CURRENT
VDEOXCAT67,223007321X,CURRENT
VDEOXCAT67,2230073230,CURRENT
VDEOXCAT67,223007323X,CURRENT
VDEOXCAT67,2230073250,CURRENT
VDEOXCAT67,223007325X,CURRENT
VDEOXCAT67,2230073270,CURRENT
VDEOXCAT67,223007327X,CURRENT
VDEOXCAT67,2230073290,CURRENT
VDEOXCAT67,223007329X,CURRENT
VDEOXCAT67,2230073310,CURRENT
VDEOXCAT67,223007331X,CURRENT
VDEOXCAT67,2230073330,CURRENT
VDEOXCAT67,223007333X,CURRENT
VDEOXCATHD,2230074110,CURRENT
VDEOXCATHD,223007411X,CURRENT
VDEOXCATHD,2230074130,CURRENT
VDEOXCATHD,223007413X,CURRENT
VDEOXCATHD,2230074150,CURRENT
VDEOXCATHD,223007415X,CURRENT
VDEOXCATHD,2230074170,CURRENT
VDEOXCATHD,223007417X,CURRENT
VDEOXCATHD,2230074190,CURRENT
VDEOXCATHD,223007419X,CURRENT
VDEOXCATHD,2230074210,CURRENT
VDEOXCATHD,223007421X,CURRENT
VDEOXCATHD,2230074230,CURRENT
VDEOXCATHD,223007423X,CURRENT
VDEOXCATHD,2230074250,CURRENT
VDEOXCATHD,223007425X,CURRENT
VDEOXCATHD,2230074270,CURRENT
VDEOXCATHD,223007427X,CURRENT
VDEOXCATHD,2230074290,CURRENT
VDEOXCATHD,223007429X,CURRENT
VDEOXCATHD,2230074310,CURRENT
VDEOXCATHD,223007431X,CURRENT
VDEOXCATHD,2230074330,CURRENT
VDEOXCATHD,223007433X,CURRENT
VDEOXCATSB,2230075110,CURRENT
VDEOXCATSB,223007511X,CURRENT
VDEOXCATSB,2230075130,CURRENT
VDEOXCATSB,223007513X,CURRENT
VDEOXCATSB,2230075150,CURRENT
VDEOXCATSB,223007515X,CURRENT
VDEOXCATSB,2230075170,CURRENT
VDEOXCATSB,223007517X,CURRENT
VDEOXCATSB,2230075190,CURRENT
VDEOXCATSB,223007519X,CURRENT
VDEOXCATSB,2230075210,CURRENT
VDEOXCATSB,223007521X,CURRENT
VDEOXCATSB,2230075230,CURRENT
VDEOXCATSB,223007523X,CURRENT
VDEOXCATSB,2230075250,CURRENT
VDEOXCATSB,223007525X,CURRENT
VDEOXCATSB,2230075270,CURRENT
VDEOXCATSB,223007527X,CURRENT
VDEOXCATSB,2230075290,CURRENT
VDEOXCATSB,223007529X,CURRENT
VDEOXCATSB,2230075310,CURRENT
VDEOXCATSB,223007531X,CURRENT
VDEOXCATSB,2230075330,CURRENT
VDEOXCATSB,223007533X,CURRENT
VDEPFCAT67,2230073110,CURRENT
VDEPFCAT67,223007311X,CURRENT
VDEPFCAT67,2230073130,CURRENT
VDEPFCAT67,223007313X,CURRENT
VDEPFCAT67,2230073150,CURRENT
VDEPFCAT67,223007315X,CURRENT
VDEPFCAT67,2230073170,CURRENT
VDEPFCAT67,223007317X,CURRENT
VDEPFCAT67,2230073190,CURRENT
VDEPFCAT67,223007319X,CURRENT
VDEPFCAT67,2230073210,CURRENT
VDEPFCAT67,223007321X,CURRENT
VDEPFCAT67,2230073230,CURRENT
VDEPFCAT67,223007323X,CURRENT
VDEPFCAT67,2230073250,CURRENT
VDEPFCAT67,223007325X,CURRENT
VDEPFCAT67,2230073270,CURRENT
VDEPFCAT67,223007327X,CURRENT
VDEPFCAT67,2230073290,CURRENT
VDEPFCAT67,223007329X,CURRENT
VDEPFCAT67,2230073310,CURRENT
VDEPFCAT67,223007331X,CURRENT
VDEPFCAT67,2230073330,CURRENT
VDEPFCAT67,223007333X,CURRENT
VDEPFCATHD,2230074110,CURRENT
VDEPFCATHD,223007411X,CURRENT
VDEPFCATHD,2230074130,CURRENT
VDEPFCATHD,223007413X,CURRENT
VDEPFCATHD,2230074150,CURRENT
VDEPFCATHD,223007415X,CURRENT
VDEPFCATHD,2230074170,CURRENT
VDEPFCATHD,223007417X,CURRENT
VDEPFCATHD,2230074190,CURRENT
VDEPFCATHD,223007419X,CURRENT
VDEPFCATHD,2230074210,CURRENT
VDEPFCATHD,223007421X,CURRENT
VDEPFCATHD,2230074230,CURRENT
VDEPFCATHD,223007423X,CURRENT
VDEPFCATHD,2230074250,CURRENT
VDEPFCATHD,223007425X,CURRENT
VDEPFCATHD,2230074270,CURRENT
VDEPFCATHD,223007427X,CURRENT
VDEPFCATHD,2230074290,CURRENT
VDEPFCATHD,223007429X,CURRENT
VDEPFCATHD,2230074310,CURRENT
VDEPFCATHD,223007431X,CURRENT
VDEPFCATHD,2230074330,CURRENT
VDEPFCATHD,223007433X,CURRENT
VDEPFCATSB,2230075110,CURRENT
VDEPFCATSB,223007511X,CURRENT
VDEPFCATSB,2230075130,CURRENT
VDEPFCATSB,223007513X,CURRENT
VDEPFCATSB,2230075150,CURRENT
VDEPFCATSB,223007515X,CURRENT
VDEPFCATSB,2230075170,CURRENT
VDEPFCATSB,223007517X,CURRENT
VDEPFCATSB,2230075190,CURRENT
VDEPFCATSB,223007519X,CURRENT
VDEPFCATSB,2230075210,CURRENT
VDEPFCATSB,223007521X,CURRENT
VDEPFCATSB,2230075230,CURRENT
VDEPFCATSB,223007523X,CURRENT
VDEPFCATSB,2230075250,CURRENT
VDEPFCATSB,223007525X,CURRENT
VDEPFCATSB,2230075270,CURRENT
VDEPFCATSB,223007527X,CURRENT
VDEPFCATSB,2230075290,CURRENT
VDEPFCATSB,223007529X,CURRENT
VDEPFCATSB,2230075310,CURRENT
VDEPFCATSB,223007531X,CURRENT
VDEPFCATSB,2230075330,CURRENT
VDEPFCATSB,223007533X,CURRENT
VEECTMACT,2401065000,CURRENT
VEECTS1164,2401065000,CURRENT
VFUGEQMAN1,2301040000,CURRENT
VFUGEQMAN2,2306000000,CURRENT
VFULCNTOTC,2501000120,CURRENT
VFULCNTOTC,2501010120,CURRENT
VGARTRACT,2425000000,CURRENT
VGARTRACT,2425010000,CURRENT
VGARTRACT,2425020000,CURRENT
VGARTRACT,2425030000,CURRENT
VGARTRACT,2425040000,CURRENT
VIDLEMOD,2230074110,CURRENT
VIDLEMOD,223007411X,CURRENT
VIDLEMOD,2230074130,CURRENT
VIDLEMOD,223007413X,CURRENT
VIDLEMOD,2230074150,CURRENT
VIDLEMOD,223007415X,CURRENT
VIDLEMOD,2230074170,CURRENT
VIDLEMOD,223007417X,CURRENT
VIDLEMOD,2230074190,CURRENT
VIDLEMOD,223007419X,CURRENT
VIDLEMOD,2230074210,CURRENT
VIDLEMOD,223007421X,CURRENT
VIDLEMOD,2230074230,CURRENT
VIDLEMOD,223007423X,CURRENT
VIDLEMOD,2230074250,CURRENT
VIDLEMOD,223007425X,CURRENT
VIDLEMOD,2230074270,CURRENT
VIDLEMOD,223007427X,CURRENT
VIDLEMOD,2230074290,CURRENT
VIDLEMOD,223007429X,CURRENT
VIDLEMOD,2230074310,CURRENT
VIDLEMOD,223007431X,CURRENT
VIDLEMOD,2230074330,CURRENT
VIDLEMOD,223007433X,CURRENT
VINADS1168,2440020000,CURRENT
VINCTAIMFR,2401100000,CURRENT
VINCTAIMFR,2401990000,CURRENT
VINCTSCPH1,2401100000,CURRENT
VINCTSCPH1,2401990000,CURRENT
VINCTSCPH2,2401100000,CURRENT
VINCTSCPH2,2401990000,CURRENT
VINCTSCPH3,2401100000,CURRENT
VINCTSCPH3,2401990000,CURRENT
VMARCINC,2401080000,CURRENT
VMARCMACT,2401080000,CURRENT
VMARCOTC,2401080000,CURRENT
VMCCCBAQMD,2401040000,CURRENT
VMCCCBAQMD,2401045000,CURRENT
VMCCCBAQMD,2401050000,CURRENT
VMCCCINC,2401040000,CURRENT
VMCCCINC,2401045000,CURRENT
VMCCCINC,2401050000,CURRENT
VMCCCMACT,2401040000,CURRENT
VMCCCMACT,2401045000,CURRENT
VMCCCMACT,2401050000,CURRENT
VMERCMACT,2401055000,CURRENT
VMERCMACT,2401085000,CURRENT
VMERCOTC,2401055000,CURRENT
VMERCOTC,2401085000,CURRENT
VMERCS1107,2401055000,CURRENT
VMERCS1107,2401085000,CURRENT
VMODESHIFT,2230074110,CURRENT
VMODESHIFT,223007411X,CURRENT
VMODESHIFT,2230074130,CURRENT
VMODESHIFT,223007413X,CURRENT
VMODESHIFT,2230074150,CURRENT
VMODESHIFT,223007415X,CURRENT
VMODESHIFT,2230074170,CURRENT
VMODESHIFT,223007417X,CURRENT
VMODESHIFT,2230074190,CURRENT
VMODESHIFT,223007419X,CURRENT
VMODESHIFT,2230074210,CURRENT
VMODESHIFT,223007421X,CURRENT
VMODESHIFT,2230074230,CURRENT
VMODESHIFT,223007423X,CURRENT
VMODESHIFT,2230074250,CURRENT
VMODESHIFT,223007425X,CURRENT
VMODESHIFT,2230074270,CURRENT
VMODESHIFT,223007427X,CURRENT
VMODESHIFT,2230074290,CURRENT
VMODESHIFT,223007429X,CURRENT
VMODESHIFT,2230074310,CURRENT
VMODESHIFT,223007431X,CURRENT
VMODESHIFT,2230074330,CURRENT
VMODESHIFT,223007433X,CURRENT
VMTFNMACT,2401025000,CURRENT
VMTFNMACT,2401060000,CURRENT
VMTFNMACT,2401090000,CURRENT
VMTFNS1107,2401025000,CURRENT
VMTFNS1107,2401060000,CURRENT
VMTFNS1107,2401090000,CURRENT
VMVCTINC,2401070000,CURRENT
VMVCTMACT,2401070000,CURRENT
VNRFG60001,2260001020,CURRENT
VNRFG60001,2260001030,CURRENT
VNRFG60001,2260001060,CURRENT
VNRFG60002,2260002006,CURRENT
VNRFG60002,2260002009,CURRENT
VNRFG60002,2260002021,CURRENT
VNRFG60002,2260002039,CURRENT
VNRFG60003,2260003030,CURRENT
VNRFG60004,2260004015,CURRENT
VNRFG60004,2260004016,CURRENT
VNRFG60004,2260004020,CURRENT
VNRFG60004,2260004021,CURRENT
VNRFG60004,2260004025,CURRENT
VNRFG60004,2260004026,CURRENT
VNRFG60004,2260004030,CURRENT
VNRFG60004,2260004031,CURRENT
VNRFG60004,2260004035,CURRENT
VNRFG60004,2260004036,CURRENT
VNRFG60006,2260006005,CURRENT
VNRFG60006,2260006010,CURRENT
VNRFG60007,2260007005,CURRENT
VNRFG65001,2265001030,CURRENT
VNRFG65001,2265001050,CURRENT
VNRFG65001,2265001060,CURRENT
VNRFG65002,2265002003,CURRENT
VNRFG65002,2265002009,CURRENT
VNRFG65002,2265002015,CURRENT
VNRFG65002,2265002021,CURRENT
VNRFG65002,2265002024,CURRENT
VNRFG65002,2265002030,CURRENT
VNRFG65002,2265002033,CURRENT
VNRFG65002,2265002039,CURRENT
VNRFG65002,2265002042,CURRENT
VNRFG65002,2265002060,CURRENT
VNRFG65002,2265002066,CURRENT
VNRFG65002,2265002072,CURRENT
VNRFG65002,2265002078,CURRENT
VNRFG65003,2265003010,CURRENT
VNRFG65003,2265003020,CURRENT
VNRFG65003,2265003030,CURRENT
VNRFG65003,2265003040,CURRENT
VNRFG65003,2265003050,CURRENT
VNRFG65003,2265003070,CURRENT
VNRFG65004,2265004010,CURRENT
VNRFG65004,2265004011,CURRENT
VNRFG65004,2265004015,CURRENT
VNRFG65004,2265004016,CURRENT
VNRFG65004,2265004025,CURRENT
VNRFG65004,2265004026,CURRENT
VNRFG65004,2265004030,CURRENT
VNRFG65004,2265004031,CURRENT
VNRFG65004,2265004035,CURRENT
VNRFG65004,2265004036,CURRENT
VNRFG65004,2265004040,CURRENT
VNRFG65004,2265004041,CURRENT
VNRFG65004,2265004046,CURRENT
VNRFG65004,2265004051,CURRENT
VNRFG65004,2265004055,CURRENT
VNRFG65004,2265004056,CURRENT
VNRFG65004,2265004066,CURRENT
VNRFG65004,2265004071,CURRENT
VNRFG65004,2265004075,CURRENT
VNRFG65004,2265004076,CURRENT
VNRFG65005,2265005035,CURRENT
VNRFG65005,2265005040,CURRENT
VNRFG65006,2265006005,CURRENT
VNRFG65006,2265006010,CURRENT
VNRFG65006,2265006015,CURRENT
VNRFG65006,2265006025,CURRENT
VNRFG65006,2265006030,CURRENT
VNRFG65007,2265007010,CURRENT
VNRFG65008,2265008005,CURRENT
VNRFG82005,2282005010,CURRENT
VNRFG82005,2282005015,CURRENT
VNRFG82010,2282010005,CURRENT
VOGSEQMAN,2310000000,CURRENT
VOGSEQMAN,2310010000,CURRENT
VOGSEQMAN,2310020000,CURRENT
VOGSEQMAN,2310030000,CURRENT
VPACTINC,2401030000,CURRENT
VPESTFR,2461800000,CURRENT
VPESTFR,2461850000,CURRENT
VPESTFR,2465800000,CURRENT
VRBPLS1145,2430000000,CURRENT
VSTGIILPV1,2501060100,CURRENT
VSTGIILPV1,2501060101,CURRENT
VSTGIILPV1,2501060103,CURRENT
VSTGIILPV2,2501060201,CURRENT
VSWASRECOV,2620000000,CURRENT
VSWASRECOV,2620030000,CURRENT
VTMAIMFR,2401008000,CURRENT
VTMSCPH1,2401008000,CURRENT
VTMSCPH2,2401008000,CURRENT
VTMSCPH3,2401008000,CURRENT
VTRKSTPELE,2230074110,CURRENT
VTRKSTPELE,223007411X,CURRENT
VTRKSTPELE,2230074130,CURRENT
VTRKSTPELE,223007413X,CURRENT
VTRKSTPELE,2230074150,CURRENT
VTRKSTPELE,223007415X,CURRENT
VTRKSTPELE,2230074170,CURRENT
VTRKSTPELE,223007417X,CURRENT
VTRKSTPELE,2230074190,CURRENT
VTRKSTPELE,223007419X,CURRENT
VTRKSTPELE,2230074210,CURRENT
VTRKSTPELE,223007421X,CURRENT
VTRKSTPELE,2230074230,CURRENT
VTRKSTPELE,223007423X,CURRENT
VTRKSTPELE,2230074250,CURRENT
VTRKSTPELE,223007425X,CURRENT
VTRKSTPELE,2230074270,CURRENT
VTRKSTPELE,223007427X,CURRENT
VTRKSTPELE,2230074290,CURRENT
VTRKSTPELE,223007429X,CURRENT
VTRKSTPELE,2230074310,CURRENT
VTRKSTPELE,223007431X,CURRENT
VTRKSTPELE,2230074330,CURRENT
VTRKSTPELE,223007433X,CURRENT
VWDCTADDON,2401020000,CURRENT
VWDCTCTG,2401020000,CURRENT
VWDCTINC,2401015000,CURRENT
VWDCTMACT1,2401015000,CURRENT
VWDCTMACT2,2401020000,CURRENT
VWDCTS1104,2401015000,CURRENT
PPVAC110,2294000000,CURRENT
PPVAC110,2294000001,CURRENT
PPVAC110,2294000002,CURRENT
PPVAC110,2294005000,CURRENT
PPVAC110,2294005001,CURRENT
PPVAC110,2294005002,CURRENT
PPVAC110,2294010000,CURRENT
PPVAC110,2294010001,CURRENT
PPVAC110,2294010002,CURRENT
PPVAC110,2294015000,CURRENT
PPVAC110,2294015001,CURRENT
PPVAC110,2294015002,CURRENT
PPVAC130,2294000000,CURRENT
PPVAC130,2294000001,CURRENT
PPVAC130,2294000002,CURRENT
PPVAC130,2294005000,CURRENT
PPVAC130,2294005001,CURRENT
PPVAC130,2294005002,CURRENT
PPVAC130,2294010000,CURRENT
PPVAC130,2294010001,CURRENT
PPVAC130,2294010002,CURRENT
PPVAC130,2294015000,CURRENT
PPVAC130,2294015001,CURRENT
PPVAC130,2294015002,CURRENT
PPVAC150,2294000000,CURRENT
PPVAC150,2294000001,CURRENT
PPVAC150,2294000002,CURRENT
PPVAC150,2294005000,CURRENT
PPVAC150,2294005001,CURRENT
PPVAC150,2294005002,CURRENT
PPVAC150,2294010000,CURRENT
PPVAC150,2294010001,CURRENT
PPVAC150,2294010002,CURRENT
PPVAC150,2294015000,CURRENT
PPVAC150,2294015001,CURRENT
PPVAC150,2294015002,CURRENT
PPVAC170,2294000000,CURRENT
PPVAC170,2294000001,CURRENT
PPVAC170,2294000002,CURRENT
PPVAC170,2294005000,CURRENT
PPVAC170,2294005001,CURRENT
PPVAC170,2294005002,CURRENT
PPVAC170,2294010000,CURRENT
PPVAC170,2294010001,CURRENT
PPVAC170,2294010002,CURRENT
PPVAC170,2294015000,CURRENT
PPVAC170,2294015001,CURRENT
PPVAC170,2294015002,CURRENT
PPVAC190,2294000000,CURRENT
PPVAC190,2294000001,CURRENT
PPVAC190,2294000002,CURRENT
PPVAC190,2294005000,CURRENT
PPVAC190,2294005001,CURRENT
PPVAC190,2294005002,CURRENT
PPVAC190,2294010000,CURRENT
PPVAC190,2294010001,CURRENT
PPVAC190,2294010002,CURRENT
PPVAC190,2294015000,CURRENT
PPVAC190,2294015001,CURRENT
PPVAC190,2294015002,CURRENT
PPVAC210,2294000000,CURRENT
PPVAC210,2294000001,CURRENT
PPVAC210,2294000002,CURRENT
PPVAC210,2294005000,CURRENT
PPVAC210,2294005001,CURRENT
PPVAC210,2294005002,CURRENT
PPVAC210,2294010000,CURRENT
PPVAC210,2294010001,CURRENT
PPVAC210,2294010002,CURRENT
PPVAC210,2294015000,CURRENT
PPVAC210,2294015001,CURRENT
PPVAC210,2294015002,CURRENT
PPVAC230,2294000000,CURRENT
PPVAC230,2294000001,CURRENT
PPVAC230,2294000002,CURRENT
PPVAC230,2294005000,CURRENT
PPVAC230,2294005001,CURRENT
PPVAC230,2294005002,CURRENT
PPVAC230,2294010000,CURRENT
PPVAC230,2294010001,CURRENT
PPVAC230,2294010002,CURRENT
PPVAC230,2294015000,CURRENT
PPVAC230,2294015001,CURRENT
PPVAC230,2294015002,CURRENT
PPVAC250,2294000000,CURRENT
PPVAC250,2294000001,CURRENT
PPVAC250,2294000002,CURRENT
PPVAC250,2294005000,CURRENT
PPVAC250,2294005001,CURRENT
PPVAC250,2294005002,CURRENT
PPVAC250,2294010000,CURRENT
PPVAC250,2294010001,CURRENT
PPVAC250,2294010002,CURRENT
PPVAC250,2294015000,CURRENT
PPVAC250,2294015001,CURRENT
PPVAC250,2294015002,CURRENT
PPVAC270,2294000000,CURRENT
PPVAC270,2294000001,CURRENT
PPVAC270,2294000002,CURRENT
PPVAC270,2294005000,CURRENT
PPVAC270,2294005001,CURRENT
PPVAC270,2294005002,CURRENT
PPVAC270,2294010000,CURRENT
PPVAC270,2294010001,CURRENT
PPVAC270,2294010002,CURRENT
PPVAC270,2294015000,CURRENT
PPVAC270,2294015001,CURRENT
PPVAC270,2294015002,CURRENT
PPVAC290,2294000000,CURRENT
PPVAC290,2294000001,CURRENT
PPVAC290,2294000002,CURRENT
PPVAC290,2294005000,CURRENT
PPVAC290,2294005001,CURRENT
PPVAC290,2294005002,CURRENT
PPVAC290,2294010000,CURRENT
PPVAC290,2294010001,CURRENT
PPVAC290,2294010002,CURRENT
PPVAC290,2294015000,CURRENT
PPVAC290,2294015001,CURRENT
PPVAC290,2294015002,CURRENT
PPVAC310,2294000000,CURRENT
PPVAC310,2294000001,CURRENT
PPVAC310,2294000002,CURRENT
PPVAC310,2294005000,CURRENT
PPVAC310,2294005001,CURRENT
PPVAC310,2294005002,CURRENT
PPVAC310,2294010000,CURRENT
PPVAC310,2294010001,CURRENT
PPVAC310,2294010002,CURRENT
PPVAC310,2294015000,CURRENT
PPVAC310,2294015001,CURRENT
PPVAC310,2294015002,CURRENT
PPVAC330,2294000000,CURRENT
PPVAC330,2294000001,CURRENT
PPVAC330,2294000002,CURRENT
PPVAC330,2294005000,CURRENT
PPVAC330,2294005001,CURRENT
PPVAC330,2294005002,CURRENT
PPVAC330,2294010000,CURRENT
PPVAC330,2294010001,CURRENT
PPVAC330,2294010002,CURRENT
PPVAC330,2294015000,CURRENT
PPVAC330,2294015001,CURRENT
PPVAC330,2294015002,CURRENT
PUCHS150,2296000000,CURRENT
PUCHS150,2296005000,CURRENT
PUCHS150,2296010000,CURRENT
PUCHS170,2296000000,CURRENT
PUCHS170,2296005000,CURRENT
PUCHS170,2296010000,CURRENT
PUCHS190,2296000000,CURRENT
PUCHS190,2296005000,CURRENT
PUCHS190,2296010000,CURRENT
PUCHS210,2296000000,CURRENT
PUCHS210,2296005000,CURRENT
PUCHS210,2296010000,CURRENT
PUHAP270,2296000000,CURRENT
PUHAP270,2296005000,CURRENT
PUHAP270,2296010000,CURRENT
PUHAP290,2296000000,CURRENT
PUHAP290,2296005000,CURRENT
PUHAP290,2296010000,CURRENT
PUHAP310,2296000000,CURRENT
PUHAP310,2296005000,CURRENT
PUHAP310,2296010000,CURRENT
PUHAP330,2296000000,CURRENT
PUHAP330,2296005000,CURRENT
PUHAP330,2296010000,CURRENT
VNRFG60001,2260001000,CURRENT
VNRFG60002,2260002000,CURRENT
VNRFG60003,2260003000,CURRENT
VNRFG60004,2260004000,CURRENT
VNRFG60006,2260006000,CURRENT
VNRFG60007,2260007000,CURRENT
VNRFG60008,2260008000,CURRENT
VNRFG65001,2265001000,CURRENT
VNRFG65002,2265002000,CURRENT
VNRFG65003,2265003000,CURRENT
VNRFG65004,2265004000,CURRENT
VNRFG65005,2265005000,CURRENT
VNRFG65006,2265006000,CURRENT
VNRFG65007,2265007000,CURRENT
VNRFG65008,2265008000,CURRENT
VNRFG82005,2282005000,CURRENT
VNRFG82010,2282010000,CURRENT
VNRFG60001,2260001010,CURRENT
VNRFG60001,2260001040,CURRENT
VNRFG60001,2260001050,CURRENT
VNRFG60002,2260002003,CURRENT
VNRFG60002,2260002012,CURRENT
VNRFG60002,2260002015,CURRENT
VNRFG60002,2260002018,CURRENT
VNRFG60002,2260002024,CURRENT
VNRFG60002,2260002027,CURRENT
VNRFG60002,2260002030,CURRENT
VNRFG60002,2260002033,CURRENT
VNRFG60002,2260002036,CURRENT
VNRFG60002,2260002042,CURRENT
VNRFG60002,2260002045,CURRENT
VNRFG60002,2260002048,CURRENT
VNRFG60002,2260002051,CURRENT
VNRFG60002,2260002054,CURRENT
VNRFG60002,2260002057,CURRENT
VNRFG60002,2260002060,CURRENT
VNRFG60002,2260002063,CURRENT
VNRFG60002,2260002066,CURRENT
VNRFG60002,2260002069,CURRENT
VNRFG60002,2260002072,CURRENT
VNRFG60002,2260002075,CURRENT
VNRFG60002,2260002078,CURRENT
VNRFG60002,2260002081,CURRENT
VNRFG60003,2260003010,CURRENT
VNRFG60003,2260003020,CURRENT
VNRFG60003,2260003040,CURRENT
VNRFG60003,2260003050,CURRENT
VNRFG60003,2260003060,CURRENT
VNRFG60003,2260003070,CURRENT
VNRFG60004,2260004010,CURRENT
VNRFG60004,2260004011,CURRENT
VNRFG60004,2260004040,CURRENT
VNRFG60004,2260004041,CURRENT
VNRFG60004,2260004045,CURRENT
VNRFG60004,2260004046,CURRENT
VNRFG60004,2260004050,CURRENT
VNRFG60004,2260004051,CURRENT
VNRFG60004,2260004055,CURRENT
VNRFG60004,2260004056,CURRENT
VNRFG60004,2260004060,CURRENT
VNRFG60004,2260004061,CURRENT
VNRFG60004,2260004065,CURRENT
VNRFG60004,2260004066,CURRENT
VNRFG60004,2260004070,CURRENT
VNRFG60004,2260004071,CURRENT
VNRFG60004,2260004075,CURRENT
VNRFG60004,2260004076,CURRENT
VNRFG60006,2260006015,CURRENT
VNRFG60006,2260006020,CURRENT
VNRFG60006,2260006025,CURRENT
VNRFG60006,2260006030,CURRENT
VNRFG60007,2260007010,CURRENT
VNRFG60007,2260007015,CURRENT
VNRFG60007,2260007020,CURRENT
VNRFG60008,2260008005,CURRENT
VNRFG60008,2260008010,CURRENT
VNRFG65001,2265001010,CURRENT
VNRFG65001,2265001020,CURRENT
VNRFG65001,2265001040,CURRENT
VNRFG65002,2265002006,CURRENT
VNRFG65002,2265002012,CURRENT
VNRFG65002,2265002018,CURRENT
VNRFG65002,2265002027,CURRENT
VNRFG65002,2265002036,CURRENT
VNRFG65002,2265002045,CURRENT
VNRFG65002,2265002048,CURRENT
VNRFG65002,2265002051,CURRENT
VNRFG65002,2265002054,CURRENT
VNRFG65002,2265002057,CURRENT
VNRFG65002,2265002063,CURRENT
VNRFG65002,2265002069,CURRENT
VNRFG65002,2265002075,CURRENT
VNRFG65002,2265002081,CURRENT
VNRFG65003,2265003060,CURRENT
VNRFG65004,2265004020,CURRENT
VNRFG65004,2265004021,CURRENT
VNRFG65004,2265004045,CURRENT
VNRFG65004,2265004050,CURRENT
VNRFG65004,2265004060,CURRENT
VNRFG65004,2265004061,CURRENT
VNRFG65004,2265004065,CURRENT
VNRFG65004,2265004070,CURRENT
VNRFG65005,2265005010,CURRENT
VNRFG65005,2265005015,CURRENT
VNRFG65005,2265005020,CURRENT
VNRFG65005,2265005025,CURRENT
VNRFG65005,2265005030,CURRENT
VNRFG65005,2265005045,CURRENT
VNRFG65005,2265005050,INACTIVE
VNRFG65005,2265005055,CURRENT
VNRFG65005,2265005060,CURRENT
VNRFG65006,2265006020,CURRENT
VNRFG65007,2265007005,CURRENT
VNRFG65007,2265007015,CURRENT
VNRFG65007,2265007020,CURRENT
VNRFG65008,2265008010,CURRENT
VNRFG82005,2282005005,CURRENT
VNRFG82005,2282005020,CURRENT
VNRFG82005,2282005025,CURRENT
VNRFG82010,2282010010,CURRENT
VNRFG82010,2282010015,CURRENT
VNRFG82010,2282010020,CURRENT
VNRFG82010,2282010025,CURRENT
PFIRINSHH,2104008002,CURRENT
PCHIPHB,2610030000,CURRENT
PCHIPOB,2610000500,CURRENT
SFUELSFC,2102004000,CURRENT
SFUELSFC,2103004000,CURRENT
SFUELSFC,2199004000,CURRENT
SFUELSFC,2199004002,CURRENT
AEMRGHOG,2805015000,CURRENT
AEMRGHOG,2805015001,CURRENT
AEMRGDIARY,2805018000,CURRENT
AEMRGDIARY,2805019100,CURRENT
AEMRGDIARY,2805019200,CURRENT
AEMRGDIARY,2805019300,CURRENT
NEPABURN00,2801500000,CURRENT
NEPABURN00,2801500100,CURRENT
NEPABURN00,2801500111,CURRENT
NEPABURN00,2801500112,CURRENT
NEPABURN00,2801500120,CURRENT
NEPABURN00,2801500130,CURRENT
NEPABURN00,2801500141,CURRENT
NEPABURN00,2801500142,CURRENT
NEPABURN00,2801500150,CURRENT
NEPABURN00,2801500160,CURRENT
NEPABURN00,2801500170,CURRENT
NEPABURN00,2801500181,CURRENT
NEPABURN00,2801500182,CURRENT
NEPABURN00,2801500191,CURRENT
NEPABURN00,2801500192,CURRENT
NEPABURN00,2801500201,CURRENT
NEPABURN00,2801500202,CURRENT
NEPABURN00,2801500210,CURRENT
NEPABURN00,2801500220,CURRENT
NEPABURN00,2801500230,CURRENT
NEPABURN00,2801500240,CURRENT
NEPABURN00,2801500250,CURRENT
NEPABURN00,2801500261,CURRENT
NEPABURN00,2801500262,CURRENT
NEPABURN00,2801500300,CURRENT
NEPABURN00,2801500310,CURRENT
NEPABURN00,2801500320,CURRENT
NEPABURN00,2801500330,CURRENT
NEPABURN00,2801500340,CURRENT
NEPABURN00,2801500350,CURRENT
NEPABURN00,2801500360,CURRENT
NEPABURN00,2801500370,CURRENT
NEPABURN00,2801500380,CURRENT
NEPABURN00,2801500390,CURRENT
NEPABURN00,2801500400,CURRENT
NEPABURN00,2801500410,CURRENT
NEPABURN00,2801500420,CURRENT
NEPABURN00,2801500430,CURRENT
NEPABURN00,2801500440,CURRENT
NEPABURN00,2801500450,CURRENT
NEPABURN00,2801500500,CURRENT
NEPABURN00,2801500600,CURRENT
NEPABURN00,2801500610,CURRENT
NEPABURN00,2801500620,CURRENT
NEPABURN00,2801501000,CURRENT
NEPABURN00,2801501105,CURRENT
NEPABURN00,2801501130,CURRENT
NEPABURN00,2801501170,CURRENT
NEPABURN00,2801501260,CURRENT
NEPABURN00,2801501270,CURRENT
NEPABURN00,2801502000,CURRENT
NEPABURN00,2801502105,CURRENT
NEPABURN00,2801502130,CURRENT
NEPABURN00,2801502170,CURRENT
NEPABURN00,2801502260,CURRENT
NEPABURN00,2801502270,CURRENT
NEPABURN02,2801500000,CURRENT
NEPABURN02,2801500100,CURRENT
NEPABURN02,2801500111,CURRENT
NEPABURN02,2801500112,CURRENT
NEPABURN02,2801500120,CURRENT
NEPABURN02,2801500130,CURRENT
NEPABURN02,2801500141,CURRENT
NEPABURN02,2801500142,CURRENT
NEPABURN02,2801500150,CURRENT
NEPABURN02,2801500160,CURRENT
NEPABURN02,2801500170,CURRENT
NEPABURN02,2801500181,CURRENT
NEPABURN02,2801500182,CURRENT
NEPABURN02,2801500191,CURRENT
NEPABURN02,2801500192,CURRENT
NEPABURN02,2801500201,CURRENT
NEPABURN02,2801500202,CURRENT
NEPABURN02,2801500210,CURRENT
NEPABURN02,2801500220,CURRENT
NEPABURN02,2801500230,CURRENT
NEPABURN02,2801500240,CURRENT
NEPABURN02,2801500250,CURRENT
NEPABURN02,2801500261,CURRENT
NEPABURN02,2801500262,CURRENT
NEPABURN02,2801500300,CURRENT
NEPABURN02,2801500310,CURRENT
NEPABURN02,2801500320,CURRENT
NEPABURN02,2801500330,CURRENT
NEPABURN02,2801500340,CURRENT
NEPABURN02,2801500350,CURRENT
NEPABURN02,2801500360,CURRENT
NEPABURN02,2801500370,CURRENT
NEPABURN02,2801500380,CURRENT
NEPABURN02,2801500390,CURRENT
NEPABURN02,2801500400,CURRENT
NEPABURN02,2801500410,CURRENT
NEPABURN02,2801500420,CURRENT
NEPABURN02,2801500430,CURRENT
NEPABURN02,2801500440,CURRENT
NEPABURN02,2801500450,CURRENT
NEPABURN02,2801500500,CURRENT
NEPABURN02,2801500600,CURRENT
NEPABURN02,2801500610,CURRENT
NEPABURN02,2801500620,CURRENT
NEPABURN02,2801501000,CURRENT
NEPABURN02,2801501105,CURRENT
NEPABURN02,2801501130,CURRENT
NEPABURN02,2801501170,CURRENT
NEPABURN02,2801501260,CURRENT
NEPABURN02,2801501270,CURRENT
NEPABURN02,2801502000,CURRENT
NEPABURN02,2801502105,CURRENT
NEPABURN02,2801502130,CURRENT
NEPABURN02,2801502170,CURRENT
NEPABURN02,2801502260,CURRENT
NEPABURN02,2801502270,CURRENT
NEPABURN03,2801500000,CURRENT
NEPABURN03,2801500100,CURRENT
NEPABURN03,2801500111,CURRENT
NEPABURN03,2801500112,CURRENT
NEPABURN03,2801500120,CURRENT
NEPABURN03,2801500130,CURRENT
NEPABURN03,2801500141,CURRENT
NEPABURN03,2801500142,CURRENT
NEPABURN03,2801500150,CURRENT
NEPABURN03,2801500160,CURRENT
NEPABURN03,2801500170,CURRENT
NEPABURN03,2801500181,CURRENT
NEPABURN03,2801500182,CURRENT
NEPABURN03,2801500191,CURRENT
NEPABURN03,2801500192,CURRENT
NEPABURN03,2801500201,CURRENT
NEPABURN03,2801500202,CURRENT
NEPABURN03,2801500210,CURRENT
NEPABURN03,2801500220,CURRENT
NEPABURN03,2801500230,CURRENT
NEPABURN03,2801500240,CURRENT
NEPABURN03,2801500250,CURRENT
NEPABURN03,2801500261,CURRENT
NEPABURN03,2801500262,CURRENT
NEPABURN03,2801500300,CURRENT
NEPABURN03,2801500310,CURRENT
NEPABURN03,2801500320,CURRENT
NEPABURN03,2801500330,CURRENT
NEPABURN03,2801500340,CURRENT
NEPABURN03,2801500350,CURRENT
NEPABURN03,2801500360,CURRENT
NEPABURN03,2801500370,CURRENT
NEPABURN03,2801500380,CURRENT
NEPABURN03,2801500390,CURRENT
NEPABURN03,2801500400,CURRENT
NEPABURN03,2801500410,CURRENT
NEPABURN03,2801500420,CURRENT
NEPABURN03,2801500430,CURRENT
NEPABURN03,2801500440,CURRENT
NEPABURN03,2801500450,CURRENT
NEPABURN03,2801500500,CURRENT
NEPABURN03,2801500600,CURRENT
NEPABURN03,2801500610,CURRENT
NEPABURN03,2801500620,CURRENT
NEPABURN03,2801501000,CURRENT
NEPABURN03,2801501105,CURRENT
NEPABURN03,2801501130,CURRENT
NEPABURN03,2801501170,CURRENT
NEPABURN03,2801501260,CURRENT
NEPABURN03,2801501270,CURRENT
NEPABURN03,2801502000,CURRENT
NEPABURN03,2801502105,CURRENT
NEPABURN03,2801502130,CURRENT
NEPABURN03,2801502170,CURRENT
NEPABURN03,2801502260,CURRENT
NEPABURN03,2801502270,CURRENT
NEPABURN05,2801500000,CURRENT
NEPABURN05,2801500100,CURRENT
NEPABURN05,2801500111,CURRENT
NEPABURN05,2801500112,CURRENT
NEPABURN05,2801500120,CURRENT
NEPABURN05,2801500130,CURRENT
NEPABURN05,2801500141,CURRENT
NEPABURN05,2801500142,CURRENT
NEPABURN05,2801500150,CURRENT
NEPABURN05,2801500160,CURRENT
NEPABURN05,2801500170,CURRENT
NEPABURN05,2801500181,CURRENT
NEPABURN05,2801500182,CURRENT
NEPABURN05,2801500191,CURRENT
NEPABURN05,2801500192,CURRENT
NEPABURN05,2801500201,CURRENT
NEPABURN05,2801500202,CURRENT
NEPABURN05,2801500210,CURRENT
NEPABURN05,2801500220,CURRENT
NEPABURN05,2801500230,CURRENT
NEPABURN05,2801500240,CURRENT
NEPABURN05,2801500250,CURRENT
NEPABURN05,2801500261,CURRENT
NEPABURN05,2801500262,CURRENT
NEPABURN05,2801500300,CURRENT
NEPABURN05,2801500310,CURRENT
NEPABURN05,2801500320,CURRENT
NEPABURN05,2801500330,CURRENT
NEPABURN05,2801500340,CURRENT
NEPABURN05,2801500350,CURRENT
NEPABURN05,2801500360,CURRENT
NEPABURN05,2801500370,CURRENT
NEPABURN05,2801500380,CURRENT
NEPABURN05,2801500390,CURRENT
NEPABURN05,2801500400,CURRENT
NEPABURN05,2801500410,CURRENT
NEPABURN05,2801500420,CURRENT
NEPABURN05,2801500430,CURRENT
NEPABURN05,2801500440,CURRENT
NEPABURN05,2801500450,CURRENT
NEPABURN05,2801500500,CURRENT
NEPABURN05,2801500600,CURRENT
NEPABURN05,2801500610,CURRENT
NEPABURN05,2801500620,CURRENT
NEPABURN05,2801501000,CURRENT
NEPABURN05,2801501105,CURRENT
NEPABURN05,2801501130,CURRENT
NEPABURN05,2801501170,CURRENT
NEPABURN05,2801501260,CURRENT
NEPABURN05,2801501270,CURRENT
NEPABURN05,2801502000,CURRENT
NEPABURN05,2801502105,CURRENT
NEPABURN05,2801502130,CURRENT
NEPABURN05,2801502170,CURRENT
NEPABURN05,2801502260,CURRENT
NEPABURN05,2801502270,CURRENT
NEPABURN06,2801500000,CURRENT
NEPABURN06,2801500100,CURRENT
NEPABURN06,2801500111,CURRENT
NEPABURN06,2801500112,CURRENT
NEPABURN06,2801500120,CURRENT
NEPABURN06,2801500130,CURRENT
NEPABURN06,2801500141,CURRENT
NEPABURN06,2801500142,CURRENT
NEPABURN06,2801500150,CURRENT
NEPABURN06,2801500160,CURRENT
NEPABURN06,2801500170,CURRENT
NEPABURN06,2801500181,CURRENT
NEPABURN06,2801500182,CURRENT
NEPABURN06,2801500191,CURRENT
NEPABURN06,2801500192,CURRENT
NEPABURN06,2801500201,CURRENT
NEPABURN06,2801500202,CURRENT
NEPABURN06,2801500210,CURRENT
NEPABURN06,2801500220,CURRENT
NEPABURN06,2801500230,CURRENT
NEPABURN06,2801500240,CURRENT
NEPABURN06,2801500250,CURRENT
NEPABURN06,2801500261,CURRENT
NEPABURN06,2801500262,CURRENT
NEPABURN06,2801500300,CURRENT
NEPABURN06,2801500310,CURRENT
NEPABURN06,2801500320,CURRENT
NEPABURN06,2801500330,CURRENT
NEPABURN06,2801500340,CURRENT
NEPABURN06,2801500350,CURRENT
NEPABURN06,2801500360,CURRENT
NEPABURN06,2801500370,CURRENT
NEPABURN06,2801500380,CURRENT
NEPABURN06,2801500390,CURRENT
NEPABURN06,2801500400,CURRENT
NEPABURN06,2801500410,CURRENT
NEPABURN06,2801500420,CURRENT
NEPABURN06,2801500430,CURRENT
NEPABURN06,2801500440,CURRENT
NEPABURN06,2801500450,CURRENT
NEPABURN06,2801500500,CURRENT
NEPABURN06,2801500600,CURRENT
NEPABURN06,2801500610,CURRENT
NEPABURN06,2801500620,CURRENT
NEPABURN06,2801501000,CURRENT
NEPABURN06,2801501105,CURRENT
NEPABURN06,2801501130,CURRENT
NEPABURN06,2801501170,CURRENT
NEPABURN06,2801501260,CURRENT
NEPABURN06,2801501270,CURRENT
NEPABURN06,2801502000,CURRENT
NEPABURN06,2801502105,CURRENT
NEPABURN06,2801502130,CURRENT
NEPABURN06,2801502170,CURRENT
NEPABURN06,2801502260,CURRENT
NEPABURN06,2801502270,CURRENT
NEPABURN07,2801500000,CURRENT
NEPABURN07,2801500100,CURRENT
NEPABURN07,2801500111,CURRENT
NEPABURN07,2801500112,CURRENT
NEPABURN07,2801500120,CURRENT
NEPABURN07,2801500130,CURRENT
NEPABURN07,2801500141,CURRENT
NEPABURN07,2801500142,CURRENT
NEPABURN07,2801500150,CURRENT
NEPABURN07,2801500160,CURRENT
NEPABURN07,2801500170,CURRENT
NEPABURN07,2801500181,CURRENT
NEPABURN07,2801500182,CURRENT
NEPABURN07,2801500191,CURRENT
NEPABURN07,2801500192,CURRENT
NEPABURN07,2801500201,CURRENT
NEPABURN07,2801500202,CURRENT
NEPABURN07,2801500210,CURRENT
NEPABURN07,2801500220,CURRENT
NEPABURN07,2801500230,CURRENT
NEPABURN07,2801500240,CURRENT
NEPABURN07,2801500250,CURRENT
NEPABURN07,2801500261,CURRENT
NEPABURN07,2801500262,CURRENT
NEPABURN07,2801500300,CURRENT
NEPABURN07,2801500310,CURRENT
NEPABURN07,2801500320,CURRENT
NEPABURN07,2801500330,CURRENT
NEPABURN07,2801500340,CURRENT
NEPABURN07,2801500350,CURRENT
NEPABURN07,2801500360,CURRENT
NEPABURN07,2801500370,CURRENT
NEPABURN07,2801500380,CURRENT
NEPABURN07,2801500390,CURRENT
NEPABURN07,2801500400,CURRENT
NEPABURN07,2801500410,CURRENT
NEPABURN07,2801500420,CURRENT
NEPABURN07,2801500430,CURRENT
NEPABURN07,2801500440,CURRENT
NEPABURN07,2801500450,CURRENT
NEPABURN07,2801500500,CURRENT
NEPABURN07,2801500600,CURRENT
NEPABURN07,2801500610,CURRENT
NEPABURN07,2801500620,CURRENT
NEPABURN07,2801501000,CURRENT
NEPABURN07,2801501105,CURRENT
NEPABURN07,2801501130,CURRENT
NEPABURN07,2801501170,CURRENT
NEPABURN07,2801501260,CURRENT
NEPABURN07,2801501270,CURRENT
NEPABURN07,2801502000,CURRENT
NEPABURN07,2801502105,CURRENT
NEPABURN07,2801502130,CURRENT
NEPABURN07,2801502170,CURRENT
NEPABURN07,2801502260,CURRENT
NEPABURN07,2801502270,CURRENT
NEPABURN08,2801500000,CURRENT
NEPABURN08,2801500100,CURRENT
NEPABURN08,2801500111,CURRENT
NEPABURN08,2801500112,CURRENT
NEPABURN08,2801500120,CURRENT
NEPABURN08,2801500130,CURRENT
NEPABURN08,2801500141,CURRENT
NEPABURN08,2801500142,CURRENT
NEPABURN08,2801500150,CURRENT
NEPABURN08,2801500160,CURRENT
NEPABURN08,2801500170,CURRENT
NEPABURN08,2801500181,CURRENT
NEPABURN08,2801500182,CURRENT
NEPABURN08,2801500191,CURRENT
NEPABURN08,2801500192,CURRENT
NEPABURN08,2801500201,CURRENT
NEPABURN08,2801500202,CURRENT
NEPABURN08,2801500210,CURRENT
NEPABURN08,2801500220,CURRENT
NEPABURN08,2801500230,CURRENT
NEPABURN08,2801500240,CURRENT
NEPABURN08,2801500250,CURRENT
NEPABURN08,2801500261,CURRENT
NEPABURN08,2801500262,CURRENT
NEPABURN08,2801500300,CURRENT
NEPABURN08,2801500310,CURRENT
NEPABURN08,2801500320,CURRENT
NEPABURN08,2801500330,CURRENT
NEPABURN08,2801500340,CURRENT
NEPABURN08,2801500350,CURRENT
NEPABURN08,2801500360,CURRENT
NEPABURN08,2801500370,CURRENT
NEPABURN08,2801500380,CURRENT
NEPABURN08,2801500390,CURRENT
NEPABURN08,2801500400,CURRENT
NEPABURN08,2801500410,CURRENT
NEPABURN08,2801500420,CURRENT
NEPABURN08,2801500430,CURRENT
NEPABURN08,2801500440,CURRENT
NEPABURN08,2801500450,CURRENT
NEPABURN08,2801500500,CURRENT
NEPABURN08,2801500600,CURRENT
NEPABURN08,2801500610,CURRENT
NEPABURN08,2801500620,CURRENT
NEPABURN08,2801501000,CURRENT
NEPABURN08,2801501105,CURRENT
NEPABURN08,2801501130,CURRENT
NEPABURN08,2801501170,CURRENT
NEPABURN08,2801501260,CURRENT
NEPABURN08,2801501270,CURRENT
NEPABURN08,2801502000,CURRENT
NEPABURN08,2801502105,CURRENT
NEPABURN08,2801502130,CURRENT
NEPABURN08,2801502170,CURRENT
NEPABURN08,2801502260,CURRENT
NEPABURN08,2801502270,CURRENT
NEPABURN10,2801500000,CURRENT
NEPABURN10,2801500100,CURRENT
NEPABURN10,2801500111,CURRENT
NEPABURN10,2801500112,CURRENT
NEPABURN10,2801500120,CURRENT
NEPABURN10,2801500130,CURRENT
NEPABURN10,2801500141,CURRENT
NEPABURN10,2801500142,CURRENT
NEPABURN10,2801500150,CURRENT
NEPABURN10,2801500160,CURRENT
NEPABURN10,2801500170,CURRENT
NEPABURN10,2801500181,CURRENT
NEPABURN10,2801500182,CURRENT
NEPABURN10,2801500191,CURRENT
NEPABURN10,2801500192,CURRENT
NEPABURN10,2801500201,CURRENT
NEPABURN10,2801500202,CURRENT
NEPABURN10,2801500210,CURRENT
NEPABURN10,2801500220,CURRENT
NEPABURN10,2801500230,CURRENT
NEPABURN10,2801500240,CURRENT
NEPABURN10,2801500250,CURRENT
NEPABURN10,2801500261,CURRENT
NEPABURN10,2801500262,CURRENT
NEPABURN10,2801500300,CURRENT
NEPABURN10,2801500310,CURRENT
NEPABURN10,2801500320,CURRENT
NEPABURN10,2801500330,CURRENT
NEPABURN10,2801500340,CURRENT
NEPABURN10,2801500350,CURRENT
NEPABURN10,2801500360,CURRENT
NEPABURN10,2801500370,CURRENT
NEPABURN10,2801500380,CURRENT
NEPABURN10,2801500390,CURRENT
NEPABURN10,2801500400,CURRENT
NEPABURN10,2801500410,CURRENT
NEPABURN10,2801500420,CURRENT
NEPABURN10,2801500430,CURRENT
NEPABURN10,2801500440,CURRENT
NEPABURN10,2801500450,CURRENT
NEPABURN10,2801500500,CURRENT
NEPABURN10,2801500600,CURRENT
NEPABURN10,2801500610,CURRENT
NEPABURN10,2801500620,CURRENT
NEPABURN10,2801501000,CURRENT
NEPABURN10,2801501105,CURRENT
NEPABURN10,2801501130,CURRENT
NEPABURN10,2801501170,CURRENT
NEPABURN10,2801501260,CURRENT
NEPABURN10,2801501270,CURRENT
NEPABURN10,2801502000,CURRENT
NEPABURN10,2801502105,CURRENT
NEPABURN10,2801502130,CURRENT
NEPABURN10,2801502170,CURRENT
NEPABURN10,2801502260,CURRENT
NEPABURN10,2801502270,CURRENT
NEPABURN96,2801500000,CURRENT
NEPABURN96,2801500100,CURRENT
NEPABURN96,2801500111,CURRENT
NEPABURN96,2801500112,CURRENT
NEPABURN96,2801500120,CURRENT
NEPABURN96,2801500130,CURRENT
NEPABURN96,2801500141,CURRENT
NEPABURN96,2801500142,CURRENT
NEPABURN96,2801500150,CURRENT
NEPABURN96,2801500160,CURRENT
NEPABURN96,2801500170,CURRENT
NEPABURN96,2801500181,CURRENT
NEPABURN96,2801500182,CURRENT
NEPABURN96,2801500191,CURRENT
NEPABURN96,2801500192,CURRENT
NEPABURN96,2801500201,CURRENT
NEPABURN96,2801500202,CURRENT
NEPABURN96,2801500210,CURRENT
NEPABURN96,2801500220,CURRENT
NEPABURN96,2801500230,CURRENT
NEPABURN96,2801500240,CURRENT
NEPABURN96,2801500250,CURRENT
NEPABURN96,2801500261,CURRENT
NEPABURN96,2801500262,CURRENT
NEPABURN96,2801500300,CURRENT
NEPABURN96,2801500310,CURRENT
NEPABURN96,2801500320,CURRENT
NEPABURN96,2801500330,CURRENT
NEPABURN96,2801500340,CURRENT
NEPABURN96,2801500350,CURRENT
NEPABURN96,2801500360,CURRENT
NEPABURN96,2801500370,CURRENT
NEPABURN96,2801500380,CURRENT
NEPABURN96,2801500390,CURRENT
NEPABURN96,2801500400,CURRENT
NEPABURN96,2801500410,CURRENT
NEPABURN96,2801500420,CURRENT
NEPABURN96,2801500430,CURRENT
NEPABURN96,2801500440,CURRENT
NEPABURN96,2801500450,CURRENT
NEPABURN96,2801500500,CURRENT
NEPABURN96,2801500600,CURRENT
NEPABURN96,2801500610,CURRENT
NEPABURN96,2801500620,CURRENT
NEPABURN96,2801501000,CURRENT
NEPABURN96,2801501105,CURRENT
NEPABURN96,2801501130,CURRENT
NEPABURN96,2801501170,CURRENT
NEPABURN96,2801501260,CURRENT
NEPABURN96,2801501270,CURRENT
NEPABURN96,2801502000,CURRENT
NEPABURN96,2801502105,CURRENT
NEPABURN96,2801502130,CURRENT
NEPABURN96,2801502170,CURRENT
NEPABURN96,2801502260,CURRENT
NEPABURN96,2801502270,CURRENT
NEPABURN99,2801500000,CURRENT
NEPABURN99,2801500100,CURRENT
NEPABURN99,2801500111,CURRENT
NEPABURN99,2801500112,CURRENT
NEPABURN99,2801500120,CURRENT
NEPABURN99,2801500130,CURRENT
NEPABURN99,2801500141,CURRENT
NEPABURN99,2801500142,CURRENT
NEPABURN99,2801500150,CURRENT
NEPABURN99,2801500160,CURRENT
NEPABURN99,2801500170,CURRENT
NEPABURN99,2801500181,CURRENT
NEPABURN99,2801500182,CURRENT
NEPABURN99,2801500191,CURRENT
NEPABURN99,2801500192,CURRENT
NEPABURN99,2801500201,CURRENT
NEPABURN99,2801500202,CURRENT
NEPABURN99,2801500210,CURRENT
NEPABURN99,2801500220,CURRENT
NEPABURN99,2801500230,CURRENT
NEPABURN99,2801500240,CURRENT
NEPABURN99,2801500250,CURRENT
NEPABURN99,2801500261,CURRENT
NEPABURN99,2801500262,CURRENT
NEPABURN99,2801500300,CURRENT
NEPABURN99,2801500310,CURRENT
NEPABURN99,2801500320,CURRENT
NEPABURN99,2801500330,CURRENT
NEPABURN99,2801500340,CURRENT
NEPABURN99,2801500350,CURRENT
NEPABURN99,2801500360,CURRENT
NEPABURN99,2801500370,CURRENT
NEPABURN99,2801500380,CURRENT
NEPABURN99,2801500390,CURRENT
NEPABURN99,2801500400,CURRENT
NEPABURN99,2801500410,CURRENT
NEPABURN99,2801500420,CURRENT
NEPABURN99,2801500430,CURRENT
NEPABURN99,2801500440,CURRENT
NEPABURN99,2801500450,CURRENT
NEPABURN99,2801500500,CURRENT
NEPABURN99,2801500600,CURRENT
NEPABURN99,2801500610,CURRENT
NEPABURN99,2801500620,CURRENT
NEPABURN99,2801501000,CURRENT
NEPABURN99,2801501105,CURRENT
NEPABURN99,2801501130,CURRENT
NEPABURN99,2801501170,CURRENT
NEPABURN99,2801501260,CURRENT
NEPABURN99,2801501270,CURRENT
NEPABURN99,2801502000,CURRENT
NEPABURN99,2801502105,CURRENT
NEPABURN99,2801502130,CURRENT
NEPABURN99,2801502170,CURRENT
NEPABURN99,2801502260,CURRENT
NEPABURN99,2801502270,CURRENT
NEPOBRUN00,2610000000,CURRENT
NEPOBRUN00,2610000100,CURRENT
NEPOBRUN00,2610000110,CURRENT
NEPOBRUN00,2610000120,CURRENT
NEPOBRUN00,2610000130,CURRENT
NEPOBRUN00,2610000140,CURRENT
NEPOBRUN00,2610000150,CURRENT
NEPOBRUN00,2610000160,CURRENT
NEPOBRUN00,2610000170,CURRENT
NEPOBRUN00,2610000180,CURRENT
NEPOBRUN00,2610000190,CURRENT
NEPOBRUN00,2610000200,CURRENT
NEPOBRUN00,2610000210,CURRENT
NEPOBRUN00,2610000220,CURRENT
NEPOBRUN00,2610000230,CURRENT
NEPOBRUN00,2610000240,CURRENT
NEPOBRUN00,2610000250,CURRENT
NEPOBRUN00,2610000260,CURRENT
NEPOBRUN00,2610000270,CURRENT
NEPOBRUN00,2610000300,CURRENT
NEPOBRUN00,2610000310,CURRENT
NEPOBRUN00,2610000320,CURRENT
NEPOBRUN00,2610000400,CURRENT
NEPOBRUN00,2610000500,CURRENT
NEPOBRUN00,2610010000,CURRENT
NEPOBRUN00,2610020000,CURRENT
NEPOBRUN00,2610030000,CURRENT
NEPOBRUN00,2610040400,CURRENT
NEPOBRUN00,2810005000,CURRENT
NEPOBRUN00,28100050F0,CURRENT
NEPOBRUN00,2810015000,CURRENT
NEPOBRUN00,28100150F0,CURRENT
NEPOBRUN00,28100150F1,CURRENT
NEPOBRUN00,2810020000,CURRENT
NEPOBRUN00,28100200F0,CURRENT
NEPOBRUN02,2610000000,CURRENT
NEPOBRUN02,2610000100,CURRENT
NEPOBRUN02,2610000110,CURRENT
NEPOBRUN02,2610000120,CURRENT
NEPOBRUN02,2610000130,CURRENT
NEPOBRUN02,2610000140,CURRENT
NEPOBRUN02,2610000150,CURRENT
NEPOBRUN02,2610000160,CURRENT
NEPOBRUN02,2610000170,CURRENT
NEPOBRUN02,2610000180,CURRENT
NEPOBRUN02,2610000190,CURRENT
NEPOBRUN02,2610000200,CURRENT
NEPOBRUN02,2610000210,CURRENT
NEPOBRUN02,2610000220,CURRENT
NEPOBRUN02,2610000230,CURRENT
NEPOBRUN02,2610000240,CURRENT
NEPOBRUN02,2610000250,CURRENT
NEPOBRUN02,2610000260,CURRENT
NEPOBRUN02,2610000270,CURRENT
NEPOBRUN02,2610000300,CURRENT
NEPOBRUN02,2610000310,CURRENT
NEPOBRUN02,2610000320,CURRENT
NEPOBRUN02,2610000400,CURRENT
NEPOBRUN02,2610000500,CURRENT
NEPOBRUN02,2610010000,CURRENT
NEPOBRUN02,2610020000,CURRENT
NEPOBRUN02,2610030000,CURRENT
NEPOBRUN02,2610040400,CURRENT
NEPOBRUN02,2810005000,CURRENT
NEPOBRUN02,28100050F0,CURRENT
NEPOBRUN02,2810015000,CURRENT
NEPOBRUN02,28100150F0,CURRENT
NEPOBRUN02,28100150F1,CURRENT
NEPOBRUN02,2810020000,CURRENT
NEPOBRUN02,28100200F0,CURRENT
NEPOBRUN03,2610000000,CURRENT
NEPOBRUN03,2610000100,CURRENT
NEPOBRUN03,2610000110,CURRENT
NEPOBRUN03,2610000120,CURRENT
NEPOBRUN03,2610000130,CURRENT
NEPOBRUN03,2610000140,CURRENT
NEPOBRUN03,2610000150,CURRENT
NEPOBRUN03,2610000160,CURRENT
NEPOBRUN03,2610000170,CURRENT
NEPOBRUN03,2610000180,CURRENT
NEPOBRUN03,2610000190,CURRENT
NEPOBRUN03,2610000200,CURRENT
NEPOBRUN03,2610000210,CURRENT
NEPOBRUN03,2610000220,CURRENT
NEPOBRUN03,2610000230,CURRENT
NEPOBRUN03,2610000240,CURRENT
NEPOBRUN03,2610000250,CURRENT
NEPOBRUN03,2610000260,CURRENT
NEPOBRUN03,2610000270,CURRENT
NEPOBRUN03,2610000300,CURRENT
NEPOBRUN03,2610000310,CURRENT
NEPOBRUN03,2610000320,CURRENT
NEPOBRUN03,2610000400,CURRENT
NEPOBRUN03,2610000500,CURRENT
NEPOBRUN03,2610010000,CURRENT
NEPOBRUN03,2610020000,CURRENT
NEPOBRUN03,2610030000,CURRENT
NEPOBRUN03,2610040400,CURRENT
NEPOBRUN03,2810005000,CURRENT
NEPOBRUN03,28100050F0,CURRENT
NEPOBRUN03,2810015000,CURRENT
NEPOBRUN03,28100150F0,CURRENT
NEPOBRUN03,28100150F1,CURRENT
NEPOBRUN03,2810020000,CURRENT
NEPOBRUN03,28100200F0,CURRENT
NEPOBRUN05,2610000000,CURRENT
NEPOBRUN05,2610000100,CURRENT
NEPOBRUN05,2610000110,CURRENT
NEPOBRUN05,2610000120,CURRENT
NEPOBRUN05,2610000130,CURRENT
NEPOBRUN05,2610000140,CURRENT
NEPOBRUN05,2610000150,CURRENT
NEPOBRUN05,2610000160,CURRENT
NEPOBRUN05,2610000170,CURRENT
NEPOBRUN05,2610000180,CURRENT
NEPOBRUN05,2610000190,CURRENT
NEPOBRUN05,2610000200,CURRENT
NEPOBRUN05,2610000210,CURRENT
NEPOBRUN05,2610000220,CURRENT
NEPOBRUN05,2610000230,CURRENT
NEPOBRUN05,2610000240,CURRENT
NEPOBRUN05,2610000250,CURRENT
NEPOBRUN05,2610000260,CURRENT
NEPOBRUN05,2610000270,CURRENT
NEPOBRUN05,2610000300,CURRENT
NEPOBRUN05,2610000310,CURRENT
NEPOBRUN05,2610000320,CURRENT
NEPOBRUN05,2610000400,CURRENT
NEPOBRUN05,2610000500,CURRENT
NEPOBRUN05,2610010000,CURRENT
NEPOBRUN05,2610020000,CURRENT
NEPOBRUN05,2610030000,CURRENT
NEPOBRUN05,2610040400,CURRENT
NEPOBRUN05,2810005000,CURRENT
NEPOBRUN05,28100050F0,CURRENT
NEPOBRUN05,2810015000,CURRENT
NEPOBRUN05,28100150F0,CURRENT
NEPOBRUN05,28100150F1,CURRENT
NEPOBRUN05,2810020000,CURRENT
NEPOBRUN05,28100200F0,CURRENT
NEPOBRUN06,2610000000,CURRENT
NEPOBRUN06,2610000100,CURRENT
NEPOBRUN06,2610000110,CURRENT
NEPOBRUN06,2610000120,CURRENT
NEPOBRUN06,2610000130,CURRENT
NEPOBRUN06,2610000140,CURRENT
NEPOBRUN06,2610000150,CURRENT
NEPOBRUN06,2610000160,CURRENT
NEPOBRUN06,2610000170,CURRENT
NEPOBRUN06,2610000180,CURRENT
NEPOBRUN06,2610000190,CURRENT
NEPOBRUN06,2610000200,CURRENT
NEPOBRUN06,2610000210,CURRENT
NEPOBRUN06,2610000220,CURRENT
NEPOBRUN06,2610000230,CURRENT
NEPOBRUN06,2610000240,CURRENT
NEPOBRUN06,2610000250,CURRENT
NEPOBRUN06,2610000260,CURRENT
NEPOBRUN06,2610000270,CURRENT
NEPOBRUN06,2610000300,CURRENT
NEPOBRUN06,2610000310,CURRENT
NEPOBRUN06,2610000320,CURRENT
NEPOBRUN06,2610000400,CURRENT
NEPOBRUN06,2610000500,CURRENT
NEPOBRUN06,2610010000,CURRENT
NEPOBRUN06,2610020000,CURRENT
NEPOBRUN06,2610030000,CURRENT
NEPOBRUN06,2610040400,CURRENT
NEPOBRUN06,2810005000,CURRENT
NEPOBRUN06,28100050F0,CURRENT
NEPOBRUN06,2810015000,CURRENT
NEPOBRUN06,28100150F0,CURRENT
NEPOBRUN06,28100150F1,CURRENT
NEPOBRUN06,2810020000,CURRENT
NEPOBRUN06,28100200F0,CURRENT
NEPOBRUN07,2610000000,CURRENT
NEPOBRUN07,2610000100,CURRENT
NEPOBRUN07,2610000110,CURRENT
NEPOBRUN07,2610000120,CURRENT
NEPOBRUN07,2610000130,CURRENT
NEPOBRUN07,2610000140,CURRENT
NEPOBRUN07,2610000150,CURRENT
NEPOBRUN07,2610000160,CURRENT
NEPOBRUN07,2610000170,CURRENT
NEPOBRUN07,2610000180,CURRENT
NEPOBRUN07,2610000190,CURRENT
NEPOBRUN07,2610000200,CURRENT
NEPOBRUN07,2610000210,CURRENT
NEPOBRUN07,2610000220,CURRENT
NEPOBRUN07,2610000230,CURRENT
NEPOBRUN07,2610000240,CURRENT
NEPOBRUN07,2610000250,CURRENT
NEPOBRUN07,2610000260,CURRENT
NEPOBRUN07,2610000270,CURRENT
NEPOBRUN07,2610000300,CURRENT
NEPOBRUN07,2610000310,CURRENT
NEPOBRUN07,2610000320,CURRENT
NEPOBRUN07,2610000400,CURRENT
NEPOBRUN07,2610000500,CURRENT
NEPOBRUN07,2610010000,CURRENT
NEPOBRUN07,2610020000,CURRENT
NEPOBRUN07,2610030000,CURRENT
NEPOBRUN07,2610040400,CURRENT
NEPOBRUN07,2810005000,CURRENT
NEPOBRUN07,28100050F0,CURRENT
NEPOBRUN07,2810015000,CURRENT
NEPOBRUN07,28100150F0,CURRENT
NEPOBRUN07,28100150F1,CURRENT
NEPOBRUN07,2810020000,CURRENT
NEPOBRUN07,28100200F0,CURRENT
NEPOBRUN08,2610000000,CURRENT
NEPOBRUN08,2610000100,CURRENT
NEPOBRUN08,2610000110,CURRENT
NEPOBRUN08,2610000120,CURRENT
NEPOBRUN08,2610000130,CURRENT
NEPOBRUN08,2610000140,CURRENT
NEPOBRUN08,2610000150,CURRENT
NEPOBRUN08,2610000160,CURRENT
NEPOBRUN08,2610000170,CURRENT
NEPOBRUN08,2610000180,CURRENT
NEPOBRUN08,2610000190,CURRENT
NEPOBRUN08,2610000200,CURRENT
NEPOBRUN08,2610000210,CURRENT
NEPOBRUN08,2610000220,CURRENT
NEPOBRUN08,2610000230,CURRENT
NEPOBRUN08,2610000240,CURRENT
NEPOBRUN08,2610000250,CURRENT
NEPOBRUN08,2610000260,CURRENT
NEPOBRUN08,2610000270,CURRENT
NEPOBRUN08,2610000300,CURRENT
NEPOBRUN08,2610000310,CURRENT
NEPOBRUN08,2610000320,CURRENT
NEPOBRUN08,2610000400,CURRENT
NEPOBRUN08,2610000500,CURRENT
NEPOBRUN08,2610010000,CURRENT
NEPOBRUN08,2610020000,CURRENT
NEPOBRUN08,2610030000,CURRENT
NEPOBRUN08,2610040400,CURRENT
NEPOBRUN08,2810005000,CURRENT
NEPOBRUN08,28100050F0,CURRENT
NEPOBRUN08,2810015000,CURRENT
NEPOBRUN08,28100150F0,CURRENT
NEPOBRUN08,28100150F1,CURRENT
NEPOBRUN08,2810020000,CURRENT
NEPOBRUN08,28100200F0,CURRENT
NEPOBRUN10,2610000000,CURRENT
NEPOBRUN10,2610000100,CURRENT
NEPOBRUN10,2610000110,CURRENT
NEPOBRUN10,2610000120,CURRENT
NEPOBRUN10,2610000130,CURRENT
NEPOBRUN10,2610000140,CURRENT
NEPOBRUN10,2610000150,CURRENT
NEPOBRUN10,2610000160,CURRENT
NEPOBRUN10,2610000170,CURRENT
NEPOBRUN10,2610000180,CURRENT
NEPOBRUN10,2610000190,CURRENT
NEPOBRUN10,2610000200,CURRENT
NEPOBRUN10,2610000210,CURRENT
NEPOBRUN10,2610000220,CURRENT
NEPOBRUN10,2610000230,CURRENT
NEPOBRUN10,2610000240,CURRENT
NEPOBRUN10,2610000250,CURRENT
NEPOBRUN10,2610000260,CURRENT
NEPOBRUN10,2610000270,CURRENT
NEPOBRUN10,2610000300,CURRENT
NEPOBRUN10,2610000310,CURRENT
NEPOBRUN10,2610000320,CURRENT
NEPOBRUN10,2610000400,CURRENT
NEPOBRUN10,2610000500,CURRENT
NEPOBRUN10,2610010000,CURRENT
NEPOBRUN10,2610020000,CURRENT
NEPOBRUN10,2610030000,CURRENT
NEPOBRUN10,2610040400,CURRENT
NEPOBRUN10,2810005000,CURRENT
NEPOBRUN10,28100050F0,CURRENT
NEPOBRUN10,2810015000,CURRENT
NEPOBRUN10,28100150F0,CURRENT
NEPOBRUN10,28100150F1,CURRENT
NEPOBRUN10,2810020000,CURRENT
NEPOBRUN10,28100200F0,CURRENT
NEPOBRUN96,2610000000,CURRENT
NEPOBRUN96,2610000100,CURRENT
NEPOBRUN96,2610000110,CURRENT
NEPOBRUN96,2610000120,CURRENT
NEPOBRUN96,2610000130,CURRENT
NEPOBRUN96,2610000140,CURRENT
NEPOBRUN96,2610000150,CURRENT
NEPOBRUN96,2610000160,CURRENT
NEPOBRUN96,2610000170,CURRENT
NEPOBRUN96,2610000180,CURRENT
NEPOBRUN96,2610000190,CURRENT
NEPOBRUN96,2610000200,CURRENT
NEPOBRUN96,2610000210,CURRENT
NEPOBRUN96,2610000220,CURRENT
NEPOBRUN96,2610000230,CURRENT
NEPOBRUN96,2610000240,CURRENT
NEPOBRUN96,2610000250,CURRENT
NEPOBRUN96,2610000260,CURRENT
NEPOBRUN96,2610000270,CURRENT
NEPOBRUN96,2610000300,CURRENT
NEPOBRUN96,2610000310,CURRENT
NEPOBRUN96,2610000320,CURRENT
NEPOBRUN96,2610000400,CURRENT
NEPOBRUN96,2610000500,CURRENT
NEPOBRUN96,2610010000,CURRENT
NEPOBRUN96,2610020000,CURRENT
NEPOBRUN96,2610030000,CURRENT
NEPOBRUN96,2610040400,CURRENT
NEPOBRUN96,2810005000,CURRENT
NEPOBRUN96,28100050F0,CURRENT
NEPOBRUN96,2810015000,CURRENT
NEPOBRUN96,28100150F0,CURRENT
NEPOBRUN96,28100150F1,CURRENT
NEPOBRUN96,2810020000,CURRENT
NEPOBRUN96,28100200F0,CURRENT
NEPOBRUN99,2610000000,CURRENT
NEPOBRUN99,2610000100,CURRENT
NEPOBRUN99,2610000110,CURRENT
NEPOBRUN99,2610000120,CURRENT
NEPOBRUN99,2610000130,CURRENT
NEPOBRUN99,2610000140,CURRENT
NEPOBRUN99,2610000150,CURRENT
NEPOBRUN99,2610000160,CURRENT
NEPOBRUN99,2610000170,CURRENT
NEPOBRUN99,2610000180,CURRENT
NEPOBRUN99,2610000190,CURRENT
NEPOBRUN99,2610000200,CURRENT
NEPOBRUN99,2610000210,CURRENT
NEPOBRUN99,2610000220,CURRENT
NEPOBRUN99,2610000230,CURRENT
NEPOBRUN99,2610000240,CURRENT
NEPOBRUN99,2610000250,CURRENT
NEPOBRUN99,2610000260,CURRENT
NEPOBRUN99,2610000270,CURRENT
NEPOBRUN99,2610000300,CURRENT
NEPOBRUN99,2610000310,CURRENT
NEPOBRUN99,2610000320,CURRENT
NEPOBRUN99,2610000400,CURRENT
NEPOBRUN99,2610000500,CURRENT
NEPOBRUN99,2610010000,CURRENT
NEPOBRUN99,2610020000,CURRENT
NEPOBRUN99,2610030000,CURRENT
NEPOBRUN99,2610040400,CURRENT
NEPOBRUN99,2810005000,CURRENT
NEPOBRUN99,28100050F0,CURRENT
NEPOBRUN99,2810015000,CURRENT
NEPOBRUN99,28100150F0,CURRENT
NEPOBRUN99,28100150F1,CURRENT
NEPOBRUN99,2810020000,CURRENT
NEPOBRUN99,28100200F0,CURRENT
NLNCMNGC00,2103006000,CURRENT
NLNCMNGC00,2103007000,CURRENT
NLNCMNGC00,2103007005,CURRENT
NLNCMNGC00,2103007010,CURRENT
NLNCMNGC02,2103006000,CURRENT
NLNCMNGC02,2103007000,CURRENT
NLNCMNGC02,2103007005,CURRENT
NLNCMNGC02,2103007010,CURRENT
NLNCMNGC03,2103006000,CURRENT
NLNCMNGC03,2103007000,CURRENT
NLNCMNGC03,2103007005,CURRENT
NLNCMNGC03,2103007010,CURRENT
NLNCMNGC05,2103006000,CURRENT
NLNCMNGC05,2103007000,CURRENT
NLNCMNGC05,2103007005,CURRENT
NLNCMNGC05,2103007010,CURRENT
NLNCMNGC07,2103006000,CURRENT
NLNCMNGC07,2103007000,CURRENT
NLNCMNGC07,2103007005,CURRENT
NLNCMNGC07,2103007010,CURRENT
NLNCMNGC08,2103006000,CURRENT
NLNCMNGC08,2103007000,CURRENT
NLNCMNGC08,2103007005,CURRENT
NLNCMNGC08,2103007010,CURRENT
NLNCMNGC10,2103006000,CURRENT
NLNCMNGC10,2103007000,CURRENT
NLNCMNGC10,2103007005,CURRENT
NLNCMNGC10,2103007010,CURRENT
NLNCMNGC96,2103006000,CURRENT
NLNCMNGC96,2103007000,CURRENT
NLNCMNGC96,2103007005,CURRENT
NLNCMNGC96,2103007010,CURRENT
NLNCMNGC99,2103006000,CURRENT
NLNCMNGC99,2103007000,CURRENT
NLNCMNGC99,2103007005,CURRENT
NLNCMNGC99,2103007010,CURRENT
NLNRSNGC00,2104006000,CURRENT
NLNRSNGC00,2104006010,CURRENT
NLNRSNGC00,2104007000,CURRENT
NLNRSNGC02,2104006000,CURRENT
NLNRSNGC02,2104006010,CURRENT
NLNRSNGC02,2104007000,CURRENT
NLNRSNGC03,2104006010,CURRENT
NLNRSNGC03,2104007000,CURRENT
NLNRSNGC05,2104006000,CURRENT
NLNRSNGC05,2104006010,CURRENT
NLNRSNGC05,2104007000,CURRENT
NLNRSNGC06,2104006000,CURRENT
NLNRSNGC06,2104006010,CURRENT
NLNRSNGC06,2104007000,CURRENT
NLNRSNGC07,2104006000,CURRENT
NLNRSNGC07,2104006010,CURRENT
NLNRSNGC07,2104007000,CURRENT
NLNRSNGC08,2104006000,CURRENT
NLNRSNGC08,2104006010,CURRENT
NLNRSNGC08,2104007000,CURRENT
NLNRSNGC96,2104006000,CURRENT
NLNRSNGC96,2104006010,CURRENT
NLNRSNGC96,2104007000,CURRENT
NLNRSNGC99,2104006000,CURRENT
NLNRSNGC99,2104006010,CURRENT
NLNRSNGC99,2104007000,CURRENT
NNCCMNGC00,2103006000,CURRENT
NNCCMNGC00,2103007000,CURRENT
NNCCMNGC00,2103007005,CURRENT
NNCCMNGC00,2103007010,CURRENT
NNCCMNGC02,2103006000,CURRENT
NNCCMNGC02,2103007000,CURRENT
NNCCMNGC02,2103007005,CURRENT
NNCCMNGC02,2103007010,CURRENT
NNCCMNGC03,2103006000,CURRENT
NNCCMNGC03,2103007000,CURRENT
NNCCMNGC03,2103007005,CURRENT
NNCCMNGC03,2103007010,CURRENT
NNCCMNGC05,2103006000,CURRENT
NNCCMNGC05,2103007000,CURRENT
NNCCMNGC05,2103007005,CURRENT
NNCCMNGC05,2103007010,CURRENT
NNCCMNGC07,2103006000,CURRENT
NNCCMNGC07,2103007000,CURRENT
NNCCMNGC07,2103007005,CURRENT
NNCCMNGC07,2103007010,CURRENT
NNCCMNGC08,2103006000,CURRENT
NNCCMNGC08,2103007000,CURRENT
NNCCMNGC08,2103007005,CURRENT
NNCCMNGC08,2103007010,CURRENT
NNCCMNGC10,2103006000,CURRENT
NNCCMNGC10,2103007000,CURRENT
NNCCMNGC10,2103007005,CURRENT
NNCCMNGC10,2103007010,CURRENT
NNCCMNGC96,2103006000,CURRENT
NNCCMNGC96,2103007000,CURRENT
NNCCMNGC96,2103007005,CURRENT
NNCCMNGC96,2103007010,CURRENT
NNCCMNGC99,2103006000,CURRENT
NNCCMNGC99,2103007000,CURRENT
NNCCMNGC99,2103007005,CURRENT
NNCCMNGC99,2103007010,CURRENT
NNCCOL00,2102001000,CURRENT
NNCCOL00,2102002000,CURRENT
NNCCOL00,2390001000,CURRENT
NNCCOL00,2390002000,CURRENT
NNCCOL02,2102001000,CURRENT
NNCCOL02,2102002000,CURRENT
NNCCOL02,2390001000,CURRENT
NNCCOL02,2390002000,CURRENT
NNCCOL03,2102001000,CURRENT
NNCCOL03,2102002000,CURRENT
NNCCOL03,2390001000,CURRENT
NNCCOL03,2390002000,CURRENT
NNCCOL05,2102001000,CURRENT
NNCCOL05,2102002000,CURRENT
NNCCOL05,2390001000,CURRENT
NNCCOL05,2390002000,CURRENT
NNCCOL06,2102001000,CURRENT
NNCCOL06,2102002000,CURRENT
NNCCOL06,2390001000,CURRENT
NNCCOL06,2390002000,CURRENT
NNCCOL07,2102001000,CURRENT
NNCCOL07,2102002000,CURRENT
NNCCOL07,2390001000,CURRENT
NNCCOL07,2390002000,CURRENT
NNCCOL08,2102001000,CURRENT
NNCCOL08,2102002000,CURRENT
NNCCOL08,2390001000,CURRENT
NNCCOL08,2390002000,CURRENT
NNCCOL10,2102001000,CURRENT
NNCCOL10,2102002000,CURRENT
NNCCOL10,2390001000,CURRENT
NNCCOL10,2390002000,CURRENT
NNCCOL96,2102001000,CURRENT
NNCCOL96,2102002000,CURRENT
NNCCOL96,2390001000,CURRENT
NNCCOL96,2390002000,CURRENT
NNCCOL99,2102001000,CURRENT
NNCCOL99,2102002000,CURRENT
NNCCOL99,2390001000,CURRENT
NNCCOL99,2390002000,CURRENT
NNCNGC00,2390006000,CURRENT
NNCNGC00,2390007000,CURRENT
NNCNGC00,2390010000,CURRENT
NNCNGC00,2102006000,CURRENT
NNCNGC00,2102006001,CURRENT
NNCNGC00,2102006002,CURRENT
NNCNGC00,2102007000,CURRENT
NNCNGC00,2102010000,CURRENT
NNCNGC02,2390006000,CURRENT
NNCNGC02,2390007000,CURRENT
NNCNGC02,2390010000,CURRENT
NNCNGC02,2102006000,CURRENT
NNCNGC02,2102006001,CURRENT
NNCNGC02,2102006002,CURRENT
NNCNGC02,2102007000,CURRENT
NNCNGC02,2102010000,CURRENT
NNCNGC03,2390006000,CURRENT
NNCNGC03,2390007000,CURRENT
NNCNGC03,2390010000,CURRENT
NNCNGC03,2102006000,CURRENT
NNCNGC03,2102006001,CURRENT
NNCNGC03,2102006002,CURRENT
NNCNGC03,2102007000,CURRENT
NNCNGC03,2102010000,CURRENT
NNCNGC05,2390006000,CURRENT
NNCNGC05,2390007000,CURRENT
NNCNGC05,2390010000,CURRENT
NNCNGC05,2102006000,CURRENT
NNCNGC05,2102006001,CURRENT
NNCNGC05,2102006002,CURRENT
NNCNGC05,2102007000,CURRENT
NNCNGC05,2102010000,CURRENT
NNCNGC06,2390006000,CURRENT
NNCNGC06,2390007000,CURRENT
NNCNGC06,2390010000,CURRENT
NNCNGC06,2102006000,CURRENT
NNCNGC06,2102006001,CURRENT
NNCNGC06,2102006002,CURRENT
NNCNGC06,2102007000,CURRENT
NNCNGC06,2102010000,CURRENT
NNCNGC07,2390006000,CURRENT
NNCNGC07,2390007000,CURRENT
NNCNGC07,2390010000,CURRENT
NNCNGC07,2102006000,CURRENT
NNCNGC07,2102006001,CURRENT
NNCNGC07,2102006002,CURRENT
NNCNGC07,2102007000,CURRENT
NNCNGC07,2102010000,CURRENT
NNCNGC08,2390006000,CURRENT
NNCNGC08,2390007000,CURRENT
NNCNGC08,2390010000,CURRENT
NNCNGC08,2102006000,CURRENT
NNCNGC08,2102006001,CURRENT
NNCNGC08,2102006002,CURRENT
NNCNGC08,2102007000,CURRENT
NNCNGC08,2102010000,CURRENT
NNCNGC10,2390006000,CURRENT
NNCNGC10,2390007000,CURRENT
NNCNGC10,2390010000,CURRENT
NNCNGC10,2102006000,CURRENT
NNCNGC10,2102006001,CURRENT
NNCNGC10,2102006002,CURRENT
NNCNGC10,2102007000,CURRENT
NNCNGC10,2102010000,CURRENT
NNCNGC96,2390006000,CURRENT
NNCNGC96,2390007000,CURRENT
NNCNGC96,2390010000,CURRENT
NNCNGC96,2102006000,CURRENT
NNCNGC96,2102006001,CURRENT
NNCNGC96,2102006002,CURRENT
NNCNGC96,2102007000,CURRENT
NNCNGC96,2102010000,CURRENT
NNCNGC99,2390006000,CURRENT
NNCNGC99,2390007000,CURRENT
NNCNGC99,2390010000,CURRENT
NNCNGC99,2102006000,CURRENT
NNCNGC99,2102006001,CURRENT
NNCNGC99,2102006002,CURRENT
NNCNGC99,2102007000,CURRENT
NNCNGC99,2102010000,CURRENT
NNCOIL00,2102004000,CURRENT
NNCOIL00,2102005000,CURRENT
NNCOIL00,2102011000,CURRENT
NNCOIL00,2102012000,CURRENT
NNCOIL00,2390004000,CURRENT
NNCOIL00,2390005000,CURRENT
NNCOIL02,2102004000,CURRENT
NNCOIL02,2102005000,CURRENT
NNCOIL02,2102011000,CURRENT
NNCOIL02,2102012000,CURRENT
NNCOIL02,2390004000,CURRENT
NNCOIL02,2390005000,CURRENT
NNCOIL03,2102004000,CURRENT
NNCOIL03,2102005000,CURRENT
NNCOIL03,2102011000,CURRENT
NNCOIL03,2102012000,CURRENT
NNCOIL03,2390004000,CURRENT
NNCOIL03,2390005000,CURRENT
NNCOIL05,2102004000,CURRENT
NNCOIL05,2102005000,CURRENT
NNCOIL05,2102011000,CURRENT
NNCOIL05,2102012000,CURRENT
NNCOIL05,2390004000,CURRENT
NNCOIL05,2390005000,CURRENT
NNCOIL06,2102004000,CURRENT
NNCOIL06,2102005000,CURRENT
NNCOIL06,2102011000,CURRENT
NNCOIL06,2102012000,CURRENT
NNCOIL06,2390004000,CURRENT
NNCOIL06,2390005000,CURRENT
NNCOIL07,2102004000,CURRENT
NNCOIL07,2102005000,CURRENT
NNCOIL07,2102011000,CURRENT
NNCOIL07,2102012000,CURRENT
NNCOIL07,2390004000,CURRENT
NNCOIL07,2390005000,CURRENT
NNCOIL08,2102004000,CURRENT
NNCOIL08,2102005000,CURRENT
NNCOIL08,2102011000,CURRENT
NNCOIL08,2102012000,CURRENT
NNCOIL08,2390004000,CURRENT
NNCOIL08,2390005000,CURRENT
NNCOIL10,2102004000,CURRENT
NNCOIL10,2102005000,CURRENT
NNCOIL10,2102011000,CURRENT
NNCOIL10,2102012000,CURRENT
NNCOIL10,2390004000,CURRENT
NNCOIL10,2390005000,CURRENT
NNCOIL96,2102004000,CURRENT
NNCOIL96,2102005000,CURRENT
NNCOIL96,2102011000,CURRENT
NNCOIL96,2102012000,CURRENT
NNCOIL96,2390004000,CURRENT
NNCOIL96,2390005000,CURRENT
NNCOIL99,2102004000,CURRENT
NNCOIL99,2102005000,CURRENT
NNCOIL99,2102011000,CURRENT
NNCOIL99,2102012000,CURRENT
NNCOIL99,2390004000,CURRENT
NNCOIL99,2390005000,CURRENT
NNCRSNGC00,2104006000,CURRENT
NNCRSNGC00,2104006010,CURRENT
NNCRSNGC00,2104007000,CURRENT
NNCRSNGC02,2104006000,CURRENT
NNCRSNGC02,2104006010,CURRENT
NNCRSNGC02,2104007000,CURRENT
NNCRSNGC03,2104006000,CURRENT
NNCRSNGC03,2104006010,CURRENT
NNCRSNGC03,2104007000,CURRENT
NNCRSNGC05,2104006000,CURRENT
NNCRSNGC05,2104006010,CURRENT
NNCRSNGC05,2104007000,CURRENT
NNCRSNGC06,2104006000,CURRENT
NNCRSNGC06,2104006010,CURRENT
NNCRSNGC06,2104007000,CURRENT
NNCRSNGC07,2104006000,CURRENT
NNCRSNGC07,2104006010,CURRENT
NNCRSNGC07,2104007000,CURRENT
NNCRSNGC08,2104006000,CURRENT
NNCRSNGC08,2104006010,CURRENT
NNCRSNGC08,2104007000,CURRENT
NNCRSNGC10,2104006000,CURRENT
NNCRSNGC10,2104006010,CURRENT
NNCRSNGC10,2104007000,CURRENT
NNCRSNGC96,2104006000,CURRENT
NNCRSNGC96,2104006010,CURRENT
NNCRSNGC96,2104007000,CURRENT
NNCRSNGC99,2104006000,CURRENT
NNCRSNGC99,2104006010,CURRENT
NNCRSNGC99,2104007000,CURRENT
NR25COL00,2102001000,CURRENT
NR25COL00,2102002000,CURRENT
NR25COL00,2390001000,CURRENT
NR25COL00,2390002000,CURRENT
NR25COL02,2102001000,CURRENT
NR25COL02,2102002000,CURRENT
NR25COL02,2390001000,CURRENT
NR25COL02,2390002000,CURRENT
NR25COL03,2102001000,CURRENT
NR25COL03,2102002000,CURRENT
NR25COL03,2390001000,CURRENT
NR25COL03,2390002000,CURRENT
NR25COL05,2102001000,CURRENT
NR25COL05,2102002000,CURRENT
NR25COL05,2390001000,CURRENT
NR25COL05,2390002000,CURRENT
NR25COL06,2102001000,CURRENT
NR25COL06,2102002000,CURRENT
NR25COL06,2390001000,CURRENT
NR25COL06,2390002000,CURRENT
NR25COL07,2102001000,CURRENT
NR25COL07,2102002000,CURRENT
NR25COL07,2390001000,CURRENT
NR25COL07,2390002000,CURRENT
NR25COL08,2102001000,CURRENT
NR25COL08,2102002000,CURRENT
NR25COL08,2390001000,CURRENT
NR25COL08,2390002000,CURRENT
NR25COL10,2102001000,CURRENT
NR25COL10,2102002000,CURRENT
NR25COL10,2390001000,CURRENT
NR25COL10,2390002000,CURRENT
NR25COL96,2102001000,CURRENT
NR25COL96,2102002000,CURRENT
NR25COL96,2390001000,CURRENT
NR25COL96,2390002000,CURRENT
NR25COL99,2102001000,CURRENT
NR25COL99,2102002000,CURRENT
NR25COL99,2390001000,CURRENT
NR25COL99,2390002000,CURRENT
NR25NGC00,2390006000,CURRENT
NR25NGC00,2390007000,CURRENT
NR25NGC00,2390010000,CURRENT
NR25NGC00,2102006000,CURRENT
NR25NGC00,2102006001,CURRENT
NR25NGC00,2102006002,CURRENT
NR25NGC00,2102007000,CURRENT
NR25NGC00,2102010000,CURRENT
NR25NGC02,2390006000,CURRENT
NR25NGC02,2390007000,CURRENT
NR25NGC02,2390010000,CURRENT
NR25NGC02,2102006000,CURRENT
NR25NGC02,2102006001,CURRENT
NR25NGC02,2102006002,CURRENT
NR25NGC02,2102007000,CURRENT
NR25NGC02,2102010000,CURRENT
NR25NGC03,2390006000,CURRENT
NR25NGC03,2390007000,CURRENT
NR25NGC03,2390010000,CURRENT
NR25NGC03,2102006000,CURRENT
NR25NGC03,2102006001,CURRENT
NR25NGC03,2102006002,CURRENT
NR25NGC03,2102007000,CURRENT
NR25NGC03,2102010000,CURRENT
NR25NGC05,2390006000,CURRENT
NR25NGC05,2390007000,CURRENT
NR25NGC05,2390010000,CURRENT
NR25NGC05,2102006000,CURRENT
NR25NGC05,2102006001,CURRENT
NR25NGC05,2102006002,CURRENT
NR25NGC05,2102007000,CURRENT
NR25NGC05,2102010000,CURRENT
NR25NGC06,2390006000,CURRENT
NR25NGC06,2390007000,CURRENT
NR25NGC06,2390010000,CURRENT
NR25NGC06,2102006000,CURRENT
NR25NGC06,2102006001,CURRENT
NR25NGC06,2102006002,CURRENT
NR25NGC06,2102007000,CURRENT
NR25NGC06,2102010000,CURRENT
NR25NGC07,2390006000,CURRENT
NR25NGC07,2390007000,CURRENT
NR25NGC07,2390010000,CURRENT
NR25NGC07,2102006000,CURRENT
NR25NGC07,2102006001,CURRENT
NR25NGC07,2102006002,CURRENT
NR25NGC07,2102007000,CURRENT
NR25NGC07,2102010000,CURRENT
NR25NGC08,2390006000,CURRENT
NR25NGC08,2390007000,CURRENT
NR25NGC08,2390010000,CURRENT
NR25NGC08,2102006000,CURRENT
NR25NGC08,2102006001,CURRENT
NR25NGC08,2102006002,CURRENT
NR25NGC08,2102007000,CURRENT
NR25NGC08,2102010000,CURRENT
NR25NGC10,2390006000,CURRENT
NR25NGC10,2390007000,CURRENT
NR25NGC10,2390010000,CURRENT
NR25NGC10,2102006000,CURRENT
NR25NGC10,2102006001,CURRENT
NR25NGC10,2102006002,CURRENT
NR25NGC10,2102007000,CURRENT
NR25NGC10,2102010000,CURRENT
NR25NGC96,2390006000,CURRENT
NR25NGC96,2390007000,CURRENT
NR25NGC96,2390010000,CURRENT
NR25NGC96,2102006000,CURRENT
NR25NGC96,2102006001,CURRENT
NR25NGC96,2102006002,CURRENT
NR25NGC96,2102007000,CURRENT
NR25NGC96,2102010000,CURRENT
NR25NGC99,2390006000,CURRENT
NR25NGC99,2390007000,CURRENT
NR25NGC99,2390010000,CURRENT
NR25NGC99,2102006000,CURRENT
NR25NGC99,2102006001,CURRENT
NR25NGC99,2102006002,CURRENT
NR25NGC99,2102007000,CURRENT
NR25NGC99,2102010000,CURRENT
NR25OIL00,2102004000,CURRENT
NR25OIL00,2102005000,CURRENT
NR25OIL00,2102011000,CURRENT
NR25OIL00,2102012000,CURRENT
NR25OIL00,2390004000,CURRENT
NR25OIL00,2390005000,CURRENT
NR25OIL02,2102004000,CURRENT
NR25OIL02,2102005000,CURRENT
NR25OIL02,2102011000,CURRENT
NR25OIL02,2102012000,CURRENT
NR25OIL02,2390004000,CURRENT
NR25OIL02,2390005000,CURRENT
NR25OIL03,2102004000,CURRENT
NR25OIL03,2102005000,CURRENT
NR25OIL03,2102011000,CURRENT
NR25OIL03,2102012000,CURRENT
NR25OIL03,2390004000,CURRENT
NR25OIL03,2390005000,CURRENT
NR25OIL05,2102004000,CURRENT
NR25OIL05,2102005000,CURRENT
NR25OIL05,2102011000,CURRENT
NR25OIL05,2102012000,CURRENT
NR25OIL05,2390004000,CURRENT
NR25OIL05,2390005000,CURRENT
NR25OIL06,2102004000,CURRENT
NR25OIL06,2102005000,CURRENT
NR25OIL06,2102011000,CURRENT
NR25OIL06,2102012000,CURRENT
NR25OIL06,2390004000,CURRENT
NR25OIL06,2390005000,CURRENT
NR25OIL07,2102004000,CURRENT
NR25OIL07,2102005000,CURRENT
NR25OIL07,2102011000,CURRENT
NR25OIL07,2102012000,CURRENT
NR25OIL07,2390004000,CURRENT
NR25OIL07,2390005000,CURRENT
NR25OIL08,2102004000,CURRENT
NR25OIL08,2102005000,CURRENT
NR25OIL08,2102011000,CURRENT
NR25OIL08,2102012000,CURRENT
NR25OIL08,2390004000,CURRENT
NR25OIL08,2390005000,CURRENT
NR25OIL10,2102004000,CURRENT
NR25OIL10,2102005000,CURRENT
NR25OIL10,2102011000,CURRENT
NR25OIL10,2102012000,CURRENT
NR25OIL10,2390004000,CURRENT
NR25OIL10,2390005000,CURRENT
NR25OIL96,2102004000,CURRENT
NR25OIL96,2102005000,CURRENT
NR25OIL96,2102011000,CURRENT
NR25OIL96,2102012000,CURRENT
NR25OIL96,2390004000,CURRENT
NR25OIL96,2390005000,CURRENT
NR25OIL99,2102004000,CURRENT
NR25OIL99,2102005000,CURRENT
NR25OIL99,2102011000,CURRENT
NR25OIL99,2102012000,CURRENT
NR25OIL99,2390004000,CURRENT
NR25OIL99,2390005000,CURRENT
NR50COL00,2390001000,CURRENT
NR50COL00,2390002000,CURRENT
NR50COL02,2390001000,CURRENT
NR50COL02,2390002000,CURRENT
NR50COL03,2390001000,CURRENT
NR50COL03,2390002000,CURRENT
NR50COL05,2390001000,CURRENT
NR50COL05,2390002000,CURRENT
NR50COL06,2390001000,CURRENT
NR50COL06,2390002000,CURRENT
NR50COL07,2390001000,CURRENT
NR50COL07,2390002000,CURRENT
NR50COL08,2390001000,CURRENT
NR50COL08,2390002000,CURRENT
NR50COL10,2390001000,CURRENT
NR50COL10,2390002000,CURRENT
NR50COL96,2390001000,CURRENT
NR50COL96,2390002000,CURRENT
NR50COL99,2390001000,CURRENT
NR50COL99,2390002000,CURRENT
NWHCMNGC00,2103006000,CURRENT
NWHCMNGC00,2103007000,CURRENT
NWHCMNGC00,2103007005,CURRENT
NWHCMNGC00,2103007010,CURRENT
NWHCMNGC02,2103006000,CURRENT
NWHCMNGC02,2103007000,CURRENT
NWHCMNGC02,2103007005,CURRENT
NWHCMNGC02,2103007010,CURRENT
NWHCMNGC03,2103006000,CURRENT
NWHCMNGC03,2103007000,CURRENT
NWHCMNGC03,2103007005,CURRENT
NWHCMNGC03,2103007010,CURRENT
NWHCMNGC05,2103006000,CURRENT
NWHCMNGC05,2103007000,CURRENT
NWHCMNGC05,2103007005,CURRENT
NWHCMNGC05,2103007010,CURRENT
NWHCMNGC07,2103006000,CURRENT
NWHCMNGC07,2103007000,CURRENT
NWHCMNGC07,2103007005,CURRENT
NWHCMNGC07,2103007010,CURRENT
NWHCMNGC08,2103006000,CURRENT
NWHCMNGC08,2103007000,CURRENT
NWHCMNGC08,2103007005,CURRENT
NWHCMNGC08,2103007010,CURRENT
NWHCMNGC10,2103006000,CURRENT
NWHCMNGC10,2103007000,CURRENT
NWHCMNGC10,2103007005,CURRENT
NWHCMNGC10,2103007010,CURRENT
NWHCMNGC96,2103006000,CURRENT
NWHCMNGC96,2103007000,CURRENT
NWHCMNGC96,2103007005,CURRENT
NWHCMNGC96,2103007010,CURRENT
NWHCMNGC99,2103006000,CURRENT
NWHCMNGC99,2103007000,CURRENT
NWHCMNGC99,2103007005,CURRENT
NWHCMNGC99,2103007010,CURRENT
NWHRSNGC00,2104006000,CURRENT
NWHRSNGC00,2104006010,CURRENT
NWHRSNGC00,2104007000,CURRENT
NWHRSNGC02,2104006000,CURRENT
NWHRSNGC02,2104006010,CURRENT
NWHRSNGC02,2104007000,CURRENT
NWHRSNGC03,2104006000,CURRENT
NWHRSNGC03,2104006010,CURRENT
NWHRSNGC03,2104007000,CURRENT
NWHRSNGC05,2104006000,CURRENT
NWHRSNGC05,2104006010,CURRENT
NWHRSNGC05,2104007000,CURRENT
NWHRSNGC06,2104006000,CURRENT
NWHRSNGC06,2104006010,CURRENT
NWHRSNGC06,2104007000,CURRENT
NWHRSNGC07,2104006000,CURRENT
NWHRSNGC07,2104006010,CURRENT
NWHRSNGC07,2104007000,CURRENT
NWHRSNGC08,2104006000,CURRENT
NWHRSNGC08,2104006010,CURRENT
NWHRSNGC08,2104007000,CURRENT
NWHRSNGC10,2104006000,CURRENT
NWHRSNGC10,2104006010,CURRENT
NWHRSNGC10,2104007000,CURRENT
NWHRSNGC96,2104006000,CURRENT
NWHRSNGC96,2104006010,CURRENT
NWHRSNGC96,2104007000,CURRENT
NWHRSNGC99,2104006000,CURRENT
NWHRSNGC99,2104006010,CURRENT
NWHRSNGC99,2104007000,CURRENT
PCHIPHB,2610000100,CURRENT
PCHIPHB,2610000110,CURRENT
PCHIPHB,2610000120,CURRENT
PCHIPHB,2610000130,CURRENT
PCHIPHB,2610000140,CURRENT
PCHIPHB,2610000150,CURRENT
PCHIPHB,2610000160,CURRENT
PCHIPHB,2610000170,CURRENT
PCHIPHB,2610000180,CURRENT
PCHIPHB,2610000190,CURRENT
PCHIPHB,2610000200,CURRENT
PCHIPHB,2610000210,CURRENT
PCHIPHB,2610000220,CURRENT
PCHIPHB,2610000230,CURRENT
PCHIPHB,2610000240,CURRENT
PCHIPHB,2610000250,CURRENT
PCHIPHB,2610000260,CURRENT
PCHIPHB,2610000270,CURRENT
PCHIPHB,2610000300,CURRENT
PCHIPHB,2610000310,CURRENT
PCHIPHB,2610000320,CURRENT
PCHIPHB,2610000400,CURRENT
PCHIPHB,2610000500,CURRENT
PCHIPOB,2610000000,CURRENT
PCHIPOB,2610010000,CURRENT
PCHIPOB,2610020000,CURRENT
PCHIPOB,2610040400,CURRENT
PCHIPOB,2801500300,CURRENT
PCHIPOB,2801500310,CURRENT
PCHIPOB,2801500320,CURRENT
PCHIPOB,2801500330,CURRENT
PCHIPOB,2801500340,CURRENT
PCHIPOB,2801500350,CURRENT
PCHIPOB,2801500360,CURRENT
PCHIPOB,2801500370,CURRENT
PCHIPOB,2801500380,CURRENT
PCHIPOB,2801500390,CURRENT
PCHIPOB,2801500400,CURRENT
PCHIPOB,2801500410,CURRENT
PCHIPOB,2801500420,CURRENT
PCHIPOB,2801500430,CURRENT
PCHIPOB,2801500440,CURRENT
PCHIPOB,2801500450,CURRENT
PCHIPOB,2801500500,CURRENT
PCHIPOB,2801500600,CURRENT
PCHIPOB,2801500610,CURRENT
PCHIPOB,2801500620,CURRENT
PCHIPOB,2810005000,CURRENT
PCHIPOB,28100050F0,CURRENT
PCHIPOB,2810015000,CURRENT
PCHIPOB,28100150F0,CURRENT
PCHIPOB,28100150F1,CURRENT
VSOLUTIL1,2401030000,Active 
VSOLUTIL1,2425030000,Active 
VSOLUTIL1,2461050000,Active 
VSOLUTIL1,2425040000,Active 
VSOLUTIL2,2425010000,Active 
VSOLUTIL2,2401060000,Active 
VSOLUTIL3,2401025000,Active 
